run_id,test_instance_id,method,initialization,targetnumpods,targetnumorders,targetnumitems,subproblemsevaluated,subproblemtimeinterval,timeforreooptimization,timeforsubproblemselection,tabutype,mlmodel,partitionobjective
1,1,LTO,none,24,20,72,50,360,30,30,lastopt10,partition,synergy
2,1,LTO,none,24,20,72,50,360,20,20,lastopt10,partition,synergy
3,1,LTO,none,24,20,72,50,360,10,10,lastopt10,partition,synergy
4,1,LTO,none,24,20,72,50,360,30,30,lastoptall,partition,synergy
5,1,LTO,none,24,20,72,50,360,20,20,lastoptall,partition,synergy
6,1,LTO,none,24,20,72,50,360,10,10,lastoptall,partition,synergy
7,1,LTO,none,24,20,72,50,360,30,30,tabu15,partition,synergy
8,1,LTO,none,24,20,72,50,360,20,20,tabu15,partition,synergy
9,1,LTO,none,24,20,72,50,360,10,10,tabu15,partition,synergy
10,1,LTO,none,24,20,72,50,360,30,30,tabu8,partition,synergy
11,1,LTO,none,24,20,72,50,360,20,20,tabu8,partition,synergy
12,1,LTO,none,24,20,72,50,360,10,10,tabu8,partition,synergy
13,1,LTO,none,24,20,72,50,360,30,30,orderedsp,partition,synergy
14,1,LTO,none,24,20,72,50,360,20,20,orderedsp,partition,synergy
15,1,LTO,none,24,20,72,50,360,10,10,orderedsp,partition,synergy
16,1,LTO,none,24,20,72,50,360,30,30,lastopt10,partition,random
17,1,LTO,none,24,20,72,50,360,20,20,lastopt10,partition,random
18,1,LTO,none,24,20,72,50,360,10,10,lastopt10,partition,random
19,1,LTO,none,24,20,72,50,360,30,30,lastoptall,partition,random
20,1,LTO,none,24,20,72,50,360,20,20,lastoptall,partition,random
21,1,LTO,none,24,20,72,50,360,10,10,lastoptall,partition,random
22,1,LTO,none,24,20,72,50,360,30,30,tabu15,partition,random
23,1,LTO,none,24,20,72,50,360,20,20,tabu15,partition,random
24,1,LTO,none,24,20,72,50,360,10,10,tabu15,partition,random
25,1,LTO,none,24,20,72,50,360,30,30,tabu8,partition,random
26,1,LTO,none,24,20,72,50,360,20,20,tabu8,partition,random
27,1,LTO,none,24,20,72,50,360,10,10,tabu8,partition,random
28,1,LTO,none,24,20,72,50,360,30,30,orderedsp,partition,random
29,1,LTO,none,24,20,72,50,360,20,20,orderedsp,partition,random
30,1,LTO,none,24,20,72,50,360,10,10,orderedsp,partition,random
31,1,LTO,none,24,20,72,50,360,30,30,lastopt10,partition,heuristic
32,1,LTO,none,24,20,72,50,360,20,20,lastopt10,partition,heuristic
33,1,LTO,none,24,20,72,50,360,10,10,lastopt10,partition,heuristic
34,1,LTO,none,24,20,72,50,360,30,30,lastoptall,partition,heuristic
35,1,LTO,none,24,20,72,50,360,20,20,lastoptall,partition,heuristic
36,1,LTO,none,24,20,72,50,360,10,10,lastoptall,partition,heuristic
37,1,LTO,none,24,20,72,50,360,30,30,tabu15,partition,heuristic
38,1,LTO,none,24,20,72,50,360,20,20,tabu15,partition,heuristic
39,1,LTO,none,24,20,72,50,360,10,10,tabu15,partition,heuristic
40,1,LTO,none,24,20,72,50,360,30,30,tabu8,partition,heuristic
41,1,LTO,none,24,20,72,50,360,20,20,tabu8,partition,heuristic
42,1,LTO,none,24,20,72,50,360,10,10,tabu8,partition,heuristic
43,1,LTO,none,24,20,72,50,360,30,30,orderedsp,partition,heuristic
44,1,LTO,none,24,20,72,50,360,20,20,orderedsp,partition,heuristic
45,1,LTO,none,24,20,72,50,360,10,10,orderedsp,partition,heuristic
46,2,LTO,none,24,20,72,50,360,30,30,lastopt10,partition,synergy
47,2,LTO,none,24,20,72,50,360,20,20,lastopt10,partition,synergy
48,2,LTO,none,24,20,72,50,360,10,10,lastopt10,partition,synergy
49,2,LTO,none,24,20,72,50,360,30,30,lastoptall,partition,synergy
50,2,LTO,none,24,20,72,50,360,20,20,lastoptall,partition,synergy
51,2,LTO,none,24,20,72,50,360,10,10,lastoptall,partition,synergy
52,2,LTO,none,24,20,72,50,360,30,30,tabu15,partition,synergy
53,2,LTO,none,24,20,72,50,360,20,20,tabu15,partition,synergy
54,2,LTO,none,24,20,72,50,360,10,10,tabu15,partition,synergy
55,2,LTO,none,24,20,72,50,360,30,30,tabu8,partition,synergy
56,2,LTO,none,24,20,72,50,360,20,20,tabu8,partition,synergy
57,2,LTO,none,24,20,72,50,360,10,10,tabu8,partition,synergy
58,2,LTO,none,24,20,72,50,360,30,30,orderedsp,partition,synergy
59,2,LTO,none,24,20,72,50,360,20,20,orderedsp,partition,synergy
60,2,LTO,none,24,20,72,50,360,10,10,orderedsp,partition,synergy
61,2,LTO,none,24,20,72,50,360,30,30,lastopt10,partition,random
62,2,LTO,none,24,20,72,50,360,20,20,lastopt10,partition,random
63,2,LTO,none,24,20,72,50,360,10,10,lastopt10,partition,random
64,2,LTO,none,24,20,72,50,360,30,30,lastoptall,partition,random
65,2,LTO,none,24,20,72,50,360,20,20,lastoptall,partition,random
66,2,LTO,none,24,20,72,50,360,10,10,lastoptall,partition,random
67,2,LTO,none,24,20,72,50,360,30,30,tabu15,partition,random
68,2,LTO,none,24,20,72,50,360,20,20,tabu15,partition,random
69,2,LTO,none,24,20,72,50,360,10,10,tabu15,partition,random
70,2,LTO,none,24,20,72,50,360,30,30,tabu8,partition,random
71,2,LTO,none,24,20,72,50,360,20,20,tabu8,partition,random
72,2,LTO,none,24,20,72,50,360,10,10,tabu8,partition,random
73,2,LTO,none,24,20,72,50,360,30,30,orderedsp,partition,random
74,2,LTO,none,24,20,72,50,360,20,20,orderedsp,partition,random
75,2,LTO,none,24,20,72,50,360,10,10,orderedsp,partition,random
76,2,LTO,none,24,20,72,50,360,30,30,lastopt10,partition,heuristic
77,2,LTO,none,24,20,72,50,360,20,20,lastopt10,partition,heuristic
78,2,LTO,none,24,20,72,50,360,10,10,lastopt10,partition,heuristic
79,2,LTO,none,24,20,72,50,360,30,30,lastoptall,partition,heuristic
80,2,LTO,none,24,20,72,50,360,20,20,lastoptall,partition,heuristic
81,2,LTO,none,24,20,72,50,360,10,10,lastoptall,partition,heuristic
82,2,LTO,none,24,20,72,50,360,30,30,tabu15,partition,heuristic
83,2,LTO,none,24,20,72,50,360,20,20,tabu15,partition,heuristic
84,2,LTO,none,24,20,72,50,360,10,10,tabu15,partition,heuristic
85,2,LTO,none,24,20,72,50,360,30,30,tabu8,partition,heuristic
86,2,LTO,none,24,20,72,50,360,20,20,tabu8,partition,heuristic
87,2,LTO,none,24,20,72,50,360,10,10,tabu8,partition,heuristic
88,2,LTO,none,24,20,72,50,360,30,30,orderedsp,partition,heuristic
89,2,LTO,none,24,20,72,50,360,20,20,orderedsp,partition,heuristic
90,2,LTO,none,24,20,72,50,360,10,10,orderedsp,partition,heuristic
91,3,LTO,none,24,20,72,50,360,30,30,lastopt10,partition,synergy
92,3,LTO,none,24,20,72,50,360,20,20,lastopt10,partition,synergy
93,3,LTO,none,24,20,72,50,360,10,10,lastopt10,partition,synergy
94,3,LTO,none,24,20,72,50,360,30,30,lastoptall,partition,synergy
95,3,LTO,none,24,20,72,50,360,20,20,lastoptall,partition,synergy
96,3,LTO,none,24,20,72,50,360,10,10,lastoptall,partition,synergy
97,3,LTO,none,24,20,72,50,360,30,30,tabu15,partition,synergy
98,3,LTO,none,24,20,72,50,360,20,20,tabu15,partition,synergy
99,3,LTO,none,24,20,72,50,360,10,10,tabu15,partition,synergy
100,3,LTO,none,24,20,72,50,360,30,30,tabu8,partition,synergy
101,3,LTO,none,24,20,72,50,360,20,20,tabu8,partition,synergy
102,3,LTO,none,24,20,72,50,360,10,10,tabu8,partition,synergy
103,3,LTO,none,24,20,72,50,360,30,30,orderedsp,partition,synergy
104,3,LTO,none,24,20,72,50,360,20,20,orderedsp,partition,synergy
105,3,LTO,none,24,20,72,50,360,10,10,orderedsp,partition,synergy
106,3,LTO,none,24,20,72,50,360,30,30,lastopt10,partition,random
107,3,LTO,none,24,20,72,50,360,20,20,lastopt10,partition,random
108,3,LTO,none,24,20,72,50,360,10,10,lastopt10,partition,random
109,3,LTO,none,24,20,72,50,360,30,30,lastoptall,partition,random
110,3,LTO,none,24,20,72,50,360,20,20,lastoptall,partition,random
111,3,LTO,none,24,20,72,50,360,10,10,lastoptall,partition,random
112,3,LTO,none,24,20,72,50,360,30,30,tabu15,partition,random
113,3,LTO,none,24,20,72,50,360,20,20,tabu15,partition,random
114,3,LTO,none,24,20,72,50,360,10,10,tabu15,partition,random
115,3,LTO,none,24,20,72,50,360,30,30,tabu8,partition,random
116,3,LTO,none,24,20,72,50,360,20,20,tabu8,partition,random
117,3,LTO,none,24,20,72,50,360,10,10,tabu8,partition,random
118,3,LTO,none,24,20,72,50,360,30,30,orderedsp,partition,random
119,3,LTO,none,24,20,72,50,360,20,20,orderedsp,partition,random
120,3,LTO,none,24,20,72,50,360,10,10,orderedsp,partition,random
121,3,LTO,none,24,20,72,50,360,30,30,lastopt10,partition,heuristic
122,3,LTO,none,24,20,72,50,360,20,20,lastopt10,partition,heuristic
123,3,LTO,none,24,20,72,50,360,10,10,lastopt10,partition,heuristic
124,3,LTO,none,24,20,72,50,360,30,30,lastoptall,partition,heuristic
125,3,LTO,none,24,20,72,50,360,20,20,lastoptall,partition,heuristic
126,3,LTO,none,24,20,72,50,360,10,10,lastoptall,partition,heuristic
127,3,LTO,none,24,20,72,50,360,30,30,tabu15,partition,heuristic
128,3,LTO,none,24,20,72,50,360,20,20,tabu15,partition,heuristic
129,3,LTO,none,24,20,72,50,360,10,10,tabu15,partition,heuristic
130,3,LTO,none,24,20,72,50,360,30,30,tabu8,partition,heuristic
131,3,LTO,none,24,20,72,50,360,20,20,tabu8,partition,heuristic
132,3,LTO,none,24,20,72,50,360,10,10,tabu8,partition,heuristic
133,3,LTO,none,24,20,72,50,360,30,30,orderedsp,partition,heuristic
134,3,LTO,none,24,20,72,50,360,20,20,orderedsp,partition,heuristic
135,3,LTO,none,24,20,72,50,360,10,10,orderedsp,partition,heuristic
136,4,LTO,none,24,20,72,50,360,30,30,lastopt10,partition,synergy
137,4,LTO,none,24,20,72,50,360,20,20,lastopt10,partition,synergy
138,4,LTO,none,24,20,72,50,360,10,10,lastopt10,partition,synergy
139,4,LTO,none,24,20,72,50,360,30,30,lastoptall,partition,synergy
140,4,LTO,none,24,20,72,50,360,20,20,lastoptall,partition,synergy
141,4,LTO,none,24,20,72,50,360,10,10,lastoptall,partition,synergy
142,4,LTO,none,24,20,72,50,360,30,30,tabu15,partition,synergy
143,4,LTO,none,24,20,72,50,360,20,20,tabu15,partition,synergy
144,4,LTO,none,24,20,72,50,360,10,10,tabu15,partition,synergy
145,4,LTO,none,24,20,72,50,360,30,30,tabu8,partition,synergy
146,4,LTO,none,24,20,72,50,360,20,20,tabu8,partition,synergy
147,4,LTO,none,24,20,72,50,360,10,10,tabu8,partition,synergy
148,4,LTO,none,24,20,72,50,360,30,30,orderedsp,partition,synergy
149,4,LTO,none,24,20,72,50,360,20,20,orderedsp,partition,synergy
150,4,LTO,none,24,20,72,50,360,10,10,orderedsp,partition,synergy
151,4,LTO,none,24,20,72,50,360,30,30,lastopt10,partition,random
152,4,LTO,none,24,20,72,50,360,20,20,lastopt10,partition,random
153,4,LTO,none,24,20,72,50,360,10,10,lastopt10,partition,random
154,4,LTO,none,24,20,72,50,360,30,30,lastoptall,partition,random
155,4,LTO,none,24,20,72,50,360,20,20,lastoptall,partition,random
156,4,LTO,none,24,20,72,50,360,10,10,lastoptall,partition,random
157,4,LTO,none,24,20,72,50,360,30,30,tabu15,partition,random
158,4,LTO,none,24,20,72,50,360,20,20,tabu15,partition,random
159,4,LTO,none,24,20,72,50,360,10,10,tabu15,partition,random
160,4,LTO,none,24,20,72,50,360,30,30,tabu8,partition,random
161,4,LTO,none,24,20,72,50,360,20,20,tabu8,partition,random
162,4,LTO,none,24,20,72,50,360,10,10,tabu8,partition,random
163,4,LTO,none,24,20,72,50,360,30,30,orderedsp,partition,random
164,4,LTO,none,24,20,72,50,360,20,20,orderedsp,partition,random
165,4,LTO,none,24,20,72,50,360,10,10,orderedsp,partition,random
166,4,LTO,none,24,20,72,50,360,30,30,lastopt10,partition,heuristic
167,4,LTO,none,24,20,72,50,360,20,20,lastopt10,partition,heuristic
168,4,LTO,none,24,20,72,50,360,10,10,lastopt10,partition,heuristic
169,4,LTO,none,24,20,72,50,360,30,30,lastoptall,partition,heuristic
170,4,LTO,none,24,20,72,50,360,20,20,lastoptall,partition,heuristic
171,4,LTO,none,24,20,72,50,360,10,10,lastoptall,partition,heuristic
172,4,LTO,none,24,20,72,50,360,30,30,tabu15,partition,heuristic
173,4,LTO,none,24,20,72,50,360,20,20,tabu15,partition,heuristic
174,4,LTO,none,24,20,72,50,360,10,10,tabu15,partition,heuristic
175,4,LTO,none,24,20,72,50,360,30,30,tabu8,partition,heuristic
176,4,LTO,none,24,20,72,50,360,20,20,tabu8,partition,heuristic
177,4,LTO,none,24,20,72,50,360,10,10,tabu8,partition,heuristic
178,4,LTO,none,24,20,72,50,360,30,30,orderedsp,partition,heuristic
179,4,LTO,none,24,20,72,50,360,20,20,orderedsp,partition,heuristic
180,4,LTO,none,24,20,72,50,360,10,10,orderedsp,partition,heuristic
181,5,LTO,none,24,20,72,50,360,30,30,lastopt10,partition,synergy
182,5,LTO,none,24,20,72,50,360,20,20,lastopt10,partition,synergy
183,5,LTO,none,24,20,72,50,360,10,10,lastopt10,partition,synergy
184,5,LTO,none,24,20,72,50,360,30,30,lastoptall,partition,synergy
185,5,LTO,none,24,20,72,50,360,20,20,lastoptall,partition,synergy
186,5,LTO,none,24,20,72,50,360,10,10,lastoptall,partition,synergy
187,5,LTO,none,24,20,72,50,360,30,30,tabu15,partition,synergy
188,5,LTO,none,24,20,72,50,360,20,20,tabu15,partition,synergy
189,5,LTO,none,24,20,72,50,360,10,10,tabu15,partition,synergy
190,5,LTO,none,24,20,72,50,360,30,30,tabu8,partition,synergy
191,5,LTO,none,24,20,72,50,360,20,20,tabu8,partition,synergy
192,5,LTO,none,24,20,72,50,360,10,10,tabu8,partition,synergy
193,5,LTO,none,24,20,72,50,360,30,30,orderedsp,partition,synergy
194,5,LTO,none,24,20,72,50,360,20,20,orderedsp,partition,synergy
195,5,LTO,none,24,20,72,50,360,10,10,orderedsp,partition,synergy
196,5,LTO,none,24,20,72,50,360,30,30,lastopt10,partition,random
197,5,LTO,none,24,20,72,50,360,20,20,lastopt10,partition,random
198,5,LTO,none,24,20,72,50,360,10,10,lastopt10,partition,random
199,5,LTO,none,24,20,72,50,360,30,30,lastoptall,partition,random
200,5,LTO,none,24,20,72,50,360,20,20,lastoptall,partition,random
201,5,LTO,none,24,20,72,50,360,10,10,lastoptall,partition,random
202,5,LTO,none,24,20,72,50,360,30,30,tabu15,partition,random
203,5,LTO,none,24,20,72,50,360,20,20,tabu15,partition,random
204,5,LTO,none,24,20,72,50,360,10,10,tabu15,partition,random
205,5,LTO,none,24,20,72,50,360,30,30,tabu8,partition,random
206,5,LTO,none,24,20,72,50,360,20,20,tabu8,partition,random
207,5,LTO,none,24,20,72,50,360,10,10,tabu8,partition,random
208,5,LTO,none,24,20,72,50,360,30,30,orderedsp,partition,random
209,5,LTO,none,24,20,72,50,360,20,20,orderedsp,partition,random
210,5,LTO,none,24,20,72,50,360,10,10,orderedsp,partition,random
211,5,LTO,none,24,20,72,50,360,30,30,lastopt10,partition,heuristic
212,5,LTO,none,24,20,72,50,360,20,20,lastopt10,partition,heuristic
213,5,LTO,none,24,20,72,50,360,10,10,lastopt10,partition,heuristic
214,5,LTO,none,24,20,72,50,360,30,30,lastoptall,partition,heuristic
215,5,LTO,none,24,20,72,50,360,20,20,lastoptall,partition,heuristic
216,5,LTO,none,24,20,72,50,360,10,10,lastoptall,partition,heuristic
217,5,LTO,none,24,20,72,50,360,30,30,tabu15,partition,heuristic
218,5,LTO,none,24,20,72,50,360,20,20,tabu15,partition,heuristic
219,5,LTO,none,24,20,72,50,360,10,10,tabu15,partition,heuristic
220,5,LTO,none,24,20,72,50,360,30,30,tabu8,partition,heuristic
221,5,LTO,none,24,20,72,50,360,20,20,tabu8,partition,heuristic
222,5,LTO,none,24,20,72,50,360,10,10,tabu8,partition,heuristic
223,5,LTO,none,24,20,72,50,360,30,30,orderedsp,partition,heuristic
224,5,LTO,none,24,20,72,50,360,20,20,orderedsp,partition,heuristic
225,5,LTO,none,24,20,72,50,360,10,10,orderedsp,partition,heuristic
226,1,LTO,none,24,20,40,50,240,30,30,lastopt10,partition,synergy
227,1,LTO,none,24,20,40,50,240,20,20,lastopt10,partition,synergy
228,1,LTO,none,24,20,40,50,240,10,10,lastopt10,partition,synergy
229,1,LTO,none,24,20,40,50,240,30,30,lastoptall,partition,synergy
230,1,LTO,none,24,20,40,50,240,20,20,lastoptall,partition,synergy
231,1,LTO,none,24,20,40,50,240,10,10,lastoptall,partition,synergy
232,1,LTO,none,24,20,40,50,240,30,30,tabu15,partition,synergy
233,1,LTO,none,24,20,40,50,240,20,20,tabu15,partition,synergy
234,1,LTO,none,24,20,40,50,240,10,10,tabu15,partition,synergy
235,1,LTO,none,24,20,40,50,240,30,30,tabu8,partition,synergy
236,1,LTO,none,24,20,40,50,240,20,20,tabu8,partition,synergy
237,1,LTO,none,24,20,40,50,240,10,10,tabu8,partition,synergy
238,1,LTO,none,24,20,40,50,240,30,30,orderedsp,partition,synergy
239,1,LTO,none,24,20,40,50,240,20,20,orderedsp,partition,synergy
240,1,LTO,none,24,20,40,50,240,10,10,orderedsp,partition,synergy
241,2,LTO,none,24,20,40,50,240,30,30,lastopt10,partition,synergy
242,2,LTO,none,24,20,40,50,240,20,20,lastopt10,partition,synergy
243,2,LTO,none,24,20,40,50,240,10,10,lastopt10,partition,synergy
244,2,LTO,none,24,20,40,50,240,30,30,lastoptall,partition,synergy
245,2,LTO,none,24,20,40,50,240,20,20,lastoptall,partition,synergy
246,2,LTO,none,24,20,40,50,240,10,10,lastoptall,partition,synergy
247,2,LTO,none,24,20,40,50,240,30,30,tabu15,partition,synergy
248,2,LTO,none,24,20,40,50,240,20,20,tabu15,partition,synergy
249,2,LTO,none,24,20,40,50,240,10,10,tabu15,partition,synergy
250,2,LTO,none,24,20,40,50,240,30,30,tabu8,partition,synergy
251,2,LTO,none,24,20,40,50,240,20,20,tabu8,partition,synergy
252,2,LTO,none,24,20,40,50,240,10,10,tabu8,partition,synergy
253,2,LTO,none,24,20,40,50,240,30,30,orderedsp,partition,synergy
254,2,LTO,none,24,20,40,50,240,20,20,orderedsp,partition,synergy
255,2,LTO,none,24,20,40,50,240,10,10,orderedsp,partition,synergy
256,3,LTO,none,24,20,40,50,240,30,30,lastopt10,partition,synergy
257,3,LTO,none,24,20,40,50,240,20,20,lastopt10,partition,synergy
258,3,LTO,none,24,20,40,50,240,10,10,lastopt10,partition,synergy
259,3,LTO,none,24,20,40,50,240,30,30,lastoptall,partition,synergy
260,3,LTO,none,24,20,40,50,240,20,20,lastoptall,partition,synergy
261,3,LTO,none,24,20,40,50,240,10,10,lastoptall,partition,synergy
262,3,LTO,none,24,20,40,50,240,30,30,tabu15,partition,synergy
263,3,LTO,none,24,20,40,50,240,20,20,tabu15,partition,synergy
264,3,LTO,none,24,20,40,50,240,10,10,tabu15,partition,synergy
265,3,LTO,none,24,20,40,50,240,30,30,tabu8,partition,synergy
266,3,LTO,none,24,20,40,50,240,20,20,tabu8,partition,synergy
267,3,LTO,none,24,20,40,50,240,10,10,tabu8,partition,synergy
268,3,LTO,none,24,20,40,50,240,30,30,orderedsp,partition,synergy
269,3,LTO,none,24,20,40,50,240,20,20,orderedsp,partition,synergy
270,3,LTO,none,24,20,40,50,240,10,10,orderedsp,partition,synergy
271,4,LTO,none,24,20,40,50,240,30,30,lastopt10,partition,synergy
272,4,LTO,none,24,20,40,50,240,20,20,lastopt10,partition,synergy
273,4,LTO,none,24,20,40,50,240,10,10,lastopt10,partition,synergy
274,4,LTO,none,24,20,40,50,240,30,30,lastoptall,partition,synergy
275,4,LTO,none,24,20,40,50,240,20,20,lastoptall,partition,synergy
276,4,LTO,none,24,20,40,50,240,10,10,lastoptall,partition,synergy
277,4,LTO,none,24,20,40,50,240,30,30,tabu15,partition,synergy
278,4,LTO,none,24,20,40,50,240,20,20,tabu15,partition,synergy
279,4,LTO,none,24,20,40,50,240,10,10,tabu15,partition,synergy
280,4,LTO,none,24,20,40,50,240,30,30,tabu8,partition,synergy
281,4,LTO,none,24,20,40,50,240,20,20,tabu8,partition,synergy
282,4,LTO,none,24,20,40,50,240,10,10,tabu8,partition,synergy
283,4,LTO,none,24,20,40,50,240,30,30,orderedsp,partition,synergy
284,4,LTO,none,24,20,40,50,240,20,20,orderedsp,partition,synergy
285,4,LTO,none,24,20,40,50,240,10,10,orderedsp,partition,synergy
286,5,LTO,none,24,20,40,50,240,30,30,lastopt10,partition,synergy
287,5,LTO,none,24,20,40,50,240,20,20,lastopt10,partition,synergy
288,5,LTO,none,24,20,40,50,240,10,10,lastopt10,partition,synergy
289,5,LTO,none,24,20,40,50,240,30,30,lastoptall,partition,synergy
290,5,LTO,none,24,20,40,50,240,20,20,lastoptall,partition,synergy
291,5,LTO,none,24,20,40,50,240,10,10,lastoptall,partition,synergy
292,5,LTO,none,24,20,40,50,240,30,30,tabu15,partition,synergy
293,5,LTO,none,24,20,40,50,240,20,20,tabu15,partition,synergy
294,5,LTO,none,24,20,40,50,240,10,10,tabu15,partition,synergy
295,5,LTO,none,24,20,40,50,240,30,30,tabu8,partition,synergy
296,5,LTO,none,24,20,40,50,240,20,20,tabu8,partition,synergy
297,5,LTO,none,24,20,40,50,240,10,10,tabu8,partition,synergy
298,5,LTO,none,24,20,40,50,240,30,30,orderedsp,partition,synergy
299,5,LTO,none,24,20,40,50,240,20,20,orderedsp,partition,synergy
300,5,LTO,none,24,20,40,50,240,10,10,orderedsp,partition,synergy
301,1,LTO,greedy,24,20,72,50,360,30,30,lastopt10,partition,synergy
302,1,LTO,greedy,24,20,72,50,360,20,20,lastopt10,partition,synergy
303,1,LTO,greedy,24,20,72,50,360,10,10,lastopt10,partition,synergy
304,1,LTO,greedy,24,20,72,50,360,30,30,lastoptall,partition,synergy
305,1,LTO,greedy,24,20,72,50,360,20,20,lastoptall,partition,synergy
306,1,LTO,greedy,24,20,72,50,360,10,10,lastoptall,partition,synergy
307,1,LTO,greedy,24,20,72,50,360,30,30,tabu15,partition,synergy
308,1,LTO,greedy,24,20,72,50,360,20,20,tabu15,partition,synergy
309,1,LTO,greedy,24,20,72,50,360,10,10,tabu15,partition,synergy
310,1,LTO,greedy,24,20,72,50,360,30,30,tabu8,partition,synergy
311,1,LTO,greedy,24,20,72,50,360,20,20,tabu8,partition,synergy
312,1,LTO,greedy,24,20,72,50,360,10,10,tabu8,partition,synergy
313,1,LTO,greedy,24,20,72,50,360,30,30,orderedsp,partition,synergy
314,1,LTO,greedy,24,20,72,50,360,20,20,orderedsp,partition,synergy
315,1,LTO,greedy,24,20,72,50,360,10,10,orderedsp,partition,synergy
316,1,LTO,greedy,24,20,72,50,360,30,30,lastopt10,partition,random
317,1,LTO,greedy,24,20,72,50,360,20,20,lastopt10,partition,random
318,1,LTO,greedy,24,20,72,50,360,10,10,lastopt10,partition,random
319,1,LTO,greedy,24,20,72,50,360,30,30,lastoptall,partition,random
320,1,LTO,greedy,24,20,72,50,360,20,20,lastoptall,partition,random
321,1,LTO,greedy,24,20,72,50,360,10,10,lastoptall,partition,random
322,1,LTO,greedy,24,20,72,50,360,30,30,tabu15,partition,random
323,1,LTO,greedy,24,20,72,50,360,20,20,tabu15,partition,random
324,1,LTO,greedy,24,20,72,50,360,10,10,tabu15,partition,random
325,1,LTO,greedy,24,20,72,50,360,30,30,tabu8,partition,random
326,1,LTO,greedy,24,20,72,50,360,20,20,tabu8,partition,random
327,1,LTO,greedy,24,20,72,50,360,10,10,tabu8,partition,random
328,1,LTO,greedy,24,20,72,50,360,30,30,orderedsp,partition,random
329,1,LTO,greedy,24,20,72,50,360,20,20,orderedsp,partition,random
330,1,LTO,greedy,24,20,72,50,360,10,10,orderedsp,partition,random
331,1,LTO,greedy,24,20,72,50,360,30,30,lastopt10,partition,heuristic
332,1,LTO,greedy,24,20,72,50,360,20,20,lastopt10,partition,heuristic
333,1,LTO,greedy,24,20,72,50,360,10,10,lastopt10,partition,heuristic
334,1,LTO,greedy,24,20,72,50,360,30,30,lastoptall,partition,heuristic
335,1,LTO,greedy,24,20,72,50,360,20,20,lastoptall,partition,heuristic
336,1,LTO,greedy,24,20,72,50,360,10,10,lastoptall,partition,heuristic
337,1,LTO,greedy,24,20,72,50,360,30,30,tabu15,partition,heuristic
338,1,LTO,greedy,24,20,72,50,360,20,20,tabu15,partition,heuristic
339,1,LTO,greedy,24,20,72,50,360,10,10,tabu15,partition,heuristic
340,1,LTO,greedy,24,20,72,50,360,30,30,tabu8,partition,heuristic
341,1,LTO,greedy,24,20,72,50,360,20,20,tabu8,partition,heuristic
342,1,LTO,greedy,24,20,72,50,360,10,10,tabu8,partition,heuristic
343,1,LTO,greedy,24,20,72,50,360,30,30,orderedsp,partition,heuristic
344,1,LTO,greedy,24,20,72,50,360,20,20,orderedsp,partition,heuristic
345,1,LTO,greedy,24,20,72,50,360,10,10,orderedsp,partition,heuristic
346,2,LTO,greedy,24,20,72,50,360,30,30,lastopt10,partition,synergy
347,2,LTO,greedy,24,20,72,50,360,20,20,lastopt10,partition,synergy
348,2,LTO,greedy,24,20,72,50,360,10,10,lastopt10,partition,synergy
349,2,LTO,greedy,24,20,72,50,360,30,30,lastoptall,partition,synergy
350,2,LTO,greedy,24,20,72,50,360,20,20,lastoptall,partition,synergy
351,2,LTO,greedy,24,20,72,50,360,10,10,lastoptall,partition,synergy
352,2,LTO,greedy,24,20,72,50,360,30,30,tabu15,partition,synergy
353,2,LTO,greedy,24,20,72,50,360,20,20,tabu15,partition,synergy
354,2,LTO,greedy,24,20,72,50,360,10,10,tabu15,partition,synergy
355,2,LTO,greedy,24,20,72,50,360,30,30,tabu8,partition,synergy
356,2,LTO,greedy,24,20,72,50,360,20,20,tabu8,partition,synergy
357,2,LTO,greedy,24,20,72,50,360,10,10,tabu8,partition,synergy
358,2,LTO,greedy,24,20,72,50,360,30,30,orderedsp,partition,synergy
359,2,LTO,greedy,24,20,72,50,360,20,20,orderedsp,partition,synergy
360,2,LTO,greedy,24,20,72,50,360,10,10,orderedsp,partition,synergy
361,2,LTO,greedy,24,20,72,50,360,30,30,lastopt10,partition,random
362,2,LTO,greedy,24,20,72,50,360,20,20,lastopt10,partition,random
363,2,LTO,greedy,24,20,72,50,360,10,10,lastopt10,partition,random
364,2,LTO,greedy,24,20,72,50,360,30,30,lastoptall,partition,random
365,2,LTO,greedy,24,20,72,50,360,20,20,lastoptall,partition,random
366,2,LTO,greedy,24,20,72,50,360,10,10,lastoptall,partition,random
367,2,LTO,greedy,24,20,72,50,360,30,30,tabu15,partition,random
368,2,LTO,greedy,24,20,72,50,360,20,20,tabu15,partition,random
369,2,LTO,greedy,24,20,72,50,360,10,10,tabu15,partition,random
370,2,LTO,greedy,24,20,72,50,360,30,30,tabu8,partition,random
371,2,LTO,greedy,24,20,72,50,360,20,20,tabu8,partition,random
372,2,LTO,greedy,24,20,72,50,360,10,10,tabu8,partition,random
373,2,LTO,greedy,24,20,72,50,360,30,30,orderedsp,partition,random
374,2,LTO,greedy,24,20,72,50,360,20,20,orderedsp,partition,random
375,2,LTO,greedy,24,20,72,50,360,10,10,orderedsp,partition,random
376,2,LTO,greedy,24,20,72,50,360,30,30,lastopt10,partition,heuristic
377,2,LTO,greedy,24,20,72,50,360,20,20,lastopt10,partition,heuristic
378,2,LTO,greedy,24,20,72,50,360,10,10,lastopt10,partition,heuristic
379,2,LTO,greedy,24,20,72,50,360,30,30,lastoptall,partition,heuristic
380,2,LTO,greedy,24,20,72,50,360,20,20,lastoptall,partition,heuristic
381,2,LTO,greedy,24,20,72,50,360,10,10,lastoptall,partition,heuristic
382,2,LTO,greedy,24,20,72,50,360,30,30,tabu15,partition,heuristic
383,2,LTO,greedy,24,20,72,50,360,20,20,tabu15,partition,heuristic
384,2,LTO,greedy,24,20,72,50,360,10,10,tabu15,partition,heuristic
385,2,LTO,greedy,24,20,72,50,360,30,30,tabu8,partition,heuristic
386,2,LTO,greedy,24,20,72,50,360,20,20,tabu8,partition,heuristic
387,2,LTO,greedy,24,20,72,50,360,10,10,tabu8,partition,heuristic
388,2,LTO,greedy,24,20,72,50,360,30,30,orderedsp,partition,heuristic
389,2,LTO,greedy,24,20,72,50,360,20,20,orderedsp,partition,heuristic
390,2,LTO,greedy,24,20,72,50,360,10,10,orderedsp,partition,heuristic
391,3,LTO,greedy,24,20,72,50,360,30,30,lastopt10,partition,synergy
392,3,LTO,greedy,24,20,72,50,360,20,20,lastopt10,partition,synergy
393,3,LTO,greedy,24,20,72,50,360,10,10,lastopt10,partition,synergy
394,3,LTO,greedy,24,20,72,50,360,30,30,lastoptall,partition,synergy
395,3,LTO,greedy,24,20,72,50,360,20,20,lastoptall,partition,synergy
396,3,LTO,greedy,24,20,72,50,360,10,10,lastoptall,partition,synergy
397,3,LTO,greedy,24,20,72,50,360,30,30,tabu15,partition,synergy
398,3,LTO,greedy,24,20,72,50,360,20,20,tabu15,partition,synergy
399,3,LTO,greedy,24,20,72,50,360,10,10,tabu15,partition,synergy
400,3,LTO,greedy,24,20,72,50,360,30,30,tabu8,partition,synergy
401,3,LTO,greedy,24,20,72,50,360,20,20,tabu8,partition,synergy
402,3,LTO,greedy,24,20,72,50,360,10,10,tabu8,partition,synergy
403,3,LTO,greedy,24,20,72,50,360,30,30,orderedsp,partition,synergy
404,3,LTO,greedy,24,20,72,50,360,20,20,orderedsp,partition,synergy
405,3,LTO,greedy,24,20,72,50,360,10,10,orderedsp,partition,synergy
406,3,LTO,greedy,24,20,72,50,360,30,30,lastopt10,partition,random
407,3,LTO,greedy,24,20,72,50,360,20,20,lastopt10,partition,random
408,3,LTO,greedy,24,20,72,50,360,10,10,lastopt10,partition,random
409,3,LTO,greedy,24,20,72,50,360,30,30,lastoptall,partition,random
410,3,LTO,greedy,24,20,72,50,360,20,20,lastoptall,partition,random
411,3,LTO,greedy,24,20,72,50,360,10,10,lastoptall,partition,random
412,3,LTO,greedy,24,20,72,50,360,30,30,tabu15,partition,random
413,3,LTO,greedy,24,20,72,50,360,20,20,tabu15,partition,random
414,3,LTO,greedy,24,20,72,50,360,10,10,tabu15,partition,random
415,3,LTO,greedy,24,20,72,50,360,30,30,tabu8,partition,random
416,3,LTO,greedy,24,20,72,50,360,20,20,tabu8,partition,random
417,3,LTO,greedy,24,20,72,50,360,10,10,tabu8,partition,random
418,3,LTO,greedy,24,20,72,50,360,30,30,orderedsp,partition,random
419,3,LTO,greedy,24,20,72,50,360,20,20,orderedsp,partition,random
420,3,LTO,greedy,24,20,72,50,360,10,10,orderedsp,partition,random
421,3,LTO,greedy,24,20,72,50,360,30,30,lastopt10,partition,heuristic
422,3,LTO,greedy,24,20,72,50,360,20,20,lastopt10,partition,heuristic
423,3,LTO,greedy,24,20,72,50,360,10,10,lastopt10,partition,heuristic
424,3,LTO,greedy,24,20,72,50,360,30,30,lastoptall,partition,heuristic
425,3,LTO,greedy,24,20,72,50,360,20,20,lastoptall,partition,heuristic
426,3,LTO,greedy,24,20,72,50,360,10,10,lastoptall,partition,heuristic
427,3,LTO,greedy,24,20,72,50,360,30,30,tabu15,partition,heuristic
428,3,LTO,greedy,24,20,72,50,360,20,20,tabu15,partition,heuristic
429,3,LTO,greedy,24,20,72,50,360,10,10,tabu15,partition,heuristic
430,3,LTO,greedy,24,20,72,50,360,30,30,tabu8,partition,heuristic
431,3,LTO,greedy,24,20,72,50,360,20,20,tabu8,partition,heuristic
432,3,LTO,greedy,24,20,72,50,360,10,10,tabu8,partition,heuristic
433,3,LTO,greedy,24,20,72,50,360,30,30,orderedsp,partition,heuristic
434,3,LTO,greedy,24,20,72,50,360,20,20,orderedsp,partition,heuristic
435,3,LTO,greedy,24,20,72,50,360,10,10,orderedsp,partition,heuristic
436,4,LTO,greedy,24,20,72,50,360,30,30,lastopt10,partition,synergy
437,4,LTO,greedy,24,20,72,50,360,20,20,lastopt10,partition,synergy
438,4,LTO,greedy,24,20,72,50,360,10,10,lastopt10,partition,synergy
439,4,LTO,greedy,24,20,72,50,360,30,30,lastoptall,partition,synergy
440,4,LTO,greedy,24,20,72,50,360,20,20,lastoptall,partition,synergy
441,4,LTO,greedy,24,20,72,50,360,10,10,lastoptall,partition,synergy
442,4,LTO,greedy,24,20,72,50,360,30,30,tabu15,partition,synergy
443,4,LTO,greedy,24,20,72,50,360,20,20,tabu15,partition,synergy
444,4,LTO,greedy,24,20,72,50,360,10,10,tabu15,partition,synergy
445,4,LTO,greedy,24,20,72,50,360,30,30,tabu8,partition,synergy
446,4,LTO,greedy,24,20,72,50,360,20,20,tabu8,partition,synergy
447,4,LTO,greedy,24,20,72,50,360,10,10,tabu8,partition,synergy
448,4,LTO,greedy,24,20,72,50,360,30,30,orderedsp,partition,synergy
449,4,LTO,greedy,24,20,72,50,360,20,20,orderedsp,partition,synergy
450,4,LTO,greedy,24,20,72,50,360,10,10,orderedsp,partition,synergy
451,4,LTO,greedy,24,20,72,50,360,30,30,lastopt10,partition,random
452,4,LTO,greedy,24,20,72,50,360,20,20,lastopt10,partition,random
453,4,LTO,greedy,24,20,72,50,360,10,10,lastopt10,partition,random
454,4,LTO,greedy,24,20,72,50,360,30,30,lastoptall,partition,random
455,4,LTO,greedy,24,20,72,50,360,20,20,lastoptall,partition,random
456,4,LTO,greedy,24,20,72,50,360,10,10,lastoptall,partition,random
457,4,LTO,greedy,24,20,72,50,360,30,30,tabu15,partition,random
458,4,LTO,greedy,24,20,72,50,360,20,20,tabu15,partition,random
459,4,LTO,greedy,24,20,72,50,360,10,10,tabu15,partition,random
460,4,LTO,greedy,24,20,72,50,360,30,30,tabu8,partition,random
461,4,LTO,greedy,24,20,72,50,360,20,20,tabu8,partition,random
462,4,LTO,greedy,24,20,72,50,360,10,10,tabu8,partition,random
463,4,LTO,greedy,24,20,72,50,360,30,30,orderedsp,partition,random
464,4,LTO,greedy,24,20,72,50,360,20,20,orderedsp,partition,random
465,4,LTO,greedy,24,20,72,50,360,10,10,orderedsp,partition,random
466,4,LTO,greedy,24,20,72,50,360,30,30,lastopt10,partition,heuristic
467,4,LTO,greedy,24,20,72,50,360,20,20,lastopt10,partition,heuristic
468,4,LTO,greedy,24,20,72,50,360,10,10,lastopt10,partition,heuristic
469,4,LTO,greedy,24,20,72,50,360,30,30,lastoptall,partition,heuristic
470,4,LTO,greedy,24,20,72,50,360,20,20,lastoptall,partition,heuristic
471,4,LTO,greedy,24,20,72,50,360,10,10,lastoptall,partition,heuristic
472,4,LTO,greedy,24,20,72,50,360,30,30,tabu15,partition,heuristic
473,4,LTO,greedy,24,20,72,50,360,20,20,tabu15,partition,heuristic
474,4,LTO,greedy,24,20,72,50,360,10,10,tabu15,partition,heuristic
475,4,LTO,greedy,24,20,72,50,360,30,30,tabu8,partition,heuristic
476,4,LTO,greedy,24,20,72,50,360,20,20,tabu8,partition,heuristic
477,4,LTO,greedy,24,20,72,50,360,10,10,tabu8,partition,heuristic
478,4,LTO,greedy,24,20,72,50,360,30,30,orderedsp,partition,heuristic
479,4,LTO,greedy,24,20,72,50,360,20,20,orderedsp,partition,heuristic
480,4,LTO,greedy,24,20,72,50,360,10,10,orderedsp,partition,heuristic
481,5,LTO,greedy,24,20,72,50,360,30,30,lastopt10,partition,synergy
482,5,LTO,greedy,24,20,72,50,360,20,20,lastopt10,partition,synergy
483,5,LTO,greedy,24,20,72,50,360,10,10,lastopt10,partition,synergy
484,5,LTO,greedy,24,20,72,50,360,30,30,lastoptall,partition,synergy
485,5,LTO,greedy,24,20,72,50,360,20,20,lastoptall,partition,synergy
486,5,LTO,greedy,24,20,72,50,360,10,10,lastoptall,partition,synergy
487,5,LTO,greedy,24,20,72,50,360,30,30,tabu15,partition,synergy
488,5,LTO,greedy,24,20,72,50,360,20,20,tabu15,partition,synergy
489,5,LTO,greedy,24,20,72,50,360,10,10,tabu15,partition,synergy
490,5,LTO,greedy,24,20,72,50,360,30,30,tabu8,partition,synergy
491,5,LTO,greedy,24,20,72,50,360,20,20,tabu8,partition,synergy
492,5,LTO,greedy,24,20,72,50,360,10,10,tabu8,partition,synergy
493,5,LTO,greedy,24,20,72,50,360,30,30,orderedsp,partition,synergy
494,5,LTO,greedy,24,20,72,50,360,20,20,orderedsp,partition,synergy
495,5,LTO,greedy,24,20,72,50,360,10,10,orderedsp,partition,synergy
496,5,LTO,greedy,24,20,72,50,360,30,30,lastopt10,partition,random
497,5,LTO,greedy,24,20,72,50,360,20,20,lastopt10,partition,random
498,5,LTO,greedy,24,20,72,50,360,10,10,lastopt10,partition,random
499,5,LTO,greedy,24,20,72,50,360,30,30,lastoptall,partition,random
500,5,LTO,greedy,24,20,72,50,360,20,20,lastoptall,partition,random
501,5,LTO,greedy,24,20,72,50,360,10,10,lastoptall,partition,random
502,5,LTO,greedy,24,20,72,50,360,30,30,tabu15,partition,random
503,5,LTO,greedy,24,20,72,50,360,20,20,tabu15,partition,random
504,5,LTO,greedy,24,20,72,50,360,10,10,tabu15,partition,random
505,5,LTO,greedy,24,20,72,50,360,30,30,tabu8,partition,random
506,5,LTO,greedy,24,20,72,50,360,20,20,tabu8,partition,random
507,5,LTO,greedy,24,20,72,50,360,10,10,tabu8,partition,random
508,5,LTO,greedy,24,20,72,50,360,30,30,orderedsp,partition,random
509,5,LTO,greedy,24,20,72,50,360,20,20,orderedsp,partition,random
510,5,LTO,greedy,24,20,72,50,360,10,10,orderedsp,partition,random
511,5,LTO,greedy,24,20,72,50,360,30,30,lastopt10,partition,heuristic
512,5,LTO,greedy,24,20,72,50,360,20,20,lastopt10,partition,heuristic
513,5,LTO,greedy,24,20,72,50,360,10,10,lastopt10,partition,heuristic
514,5,LTO,greedy,24,20,72,50,360,30,30,lastoptall,partition,heuristic
515,5,LTO,greedy,24,20,72,50,360,20,20,lastoptall,partition,heuristic
516,5,LTO,greedy,24,20,72,50,360,10,10,lastoptall,partition,heuristic
517,5,LTO,greedy,24,20,72,50,360,30,30,tabu15,partition,heuristic
518,5,LTO,greedy,24,20,72,50,360,20,20,tabu15,partition,heuristic
519,5,LTO,greedy,24,20,72,50,360,10,10,tabu15,partition,heuristic
520,5,LTO,greedy,24,20,72,50,360,30,30,tabu8,partition,heuristic
521,5,LTO,greedy,24,20,72,50,360,20,20,tabu8,partition,heuristic
522,5,LTO,greedy,24,20,72,50,360,10,10,tabu8,partition,heuristic
523,5,LTO,greedy,24,20,72,50,360,30,30,orderedsp,partition,heuristic
524,5,LTO,greedy,24,20,72,50,360,20,20,orderedsp,partition,heuristic
525,5,LTO,greedy,24,20,72,50,360,10,10,orderedsp,partition,heuristic
526,1,LTO,biggreedy,24,20,72,50,360,30,30,lastopt10,partition,synergy
527,1,LTO,biggreedy,24,20,72,50,360,20,20,lastopt10,partition,synergy
528,1,LTO,biggreedy,24,20,72,50,360,10,10,lastopt10,partition,synergy
529,1,LTO,biggreedy,24,20,72,50,360,30,30,lastoptall,partition,synergy
530,1,LTO,biggreedy,24,20,72,50,360,20,20,lastoptall,partition,synergy
531,1,LTO,biggreedy,24,20,72,50,360,10,10,lastoptall,partition,synergy
532,1,LTO,biggreedy,24,20,72,50,360,30,30,tabu15,partition,synergy
533,1,LTO,biggreedy,24,20,72,50,360,20,20,tabu15,partition,synergy
534,1,LTO,biggreedy,24,20,72,50,360,10,10,tabu15,partition,synergy
535,1,LTO,biggreedy,24,20,72,50,360,30,30,tabu8,partition,synergy
536,1,LTO,biggreedy,24,20,72,50,360,20,20,tabu8,partition,synergy
537,1,LTO,biggreedy,24,20,72,50,360,10,10,tabu8,partition,synergy
538,1,LTO,biggreedy,24,20,72,50,360,30,30,orderedsp,partition,synergy
539,1,LTO,biggreedy,24,20,72,50,360,20,20,orderedsp,partition,synergy
540,1,LTO,biggreedy,24,20,72,50,360,10,10,orderedsp,partition,synergy
541,1,LTO,biggreedy,24,20,72,50,360,30,30,lastopt10,partition,random
542,1,LTO,biggreedy,24,20,72,50,360,20,20,lastopt10,partition,random
543,1,LTO,biggreedy,24,20,72,50,360,10,10,lastopt10,partition,random
544,1,LTO,biggreedy,24,20,72,50,360,30,30,lastoptall,partition,random
545,1,LTO,biggreedy,24,20,72,50,360,20,20,lastoptall,partition,random
546,1,LTO,biggreedy,24,20,72,50,360,10,10,lastoptall,partition,random
547,1,LTO,biggreedy,24,20,72,50,360,30,30,tabu15,partition,random
548,1,LTO,biggreedy,24,20,72,50,360,20,20,tabu15,partition,random
549,1,LTO,biggreedy,24,20,72,50,360,10,10,tabu15,partition,random
550,1,LTO,biggreedy,24,20,72,50,360,30,30,tabu8,partition,random
551,1,LTO,biggreedy,24,20,72,50,360,20,20,tabu8,partition,random
552,1,LTO,biggreedy,24,20,72,50,360,10,10,tabu8,partition,random
553,1,LTO,biggreedy,24,20,72,50,360,30,30,orderedsp,partition,random
554,1,LTO,biggreedy,24,20,72,50,360,20,20,orderedsp,partition,random
555,1,LTO,biggreedy,24,20,72,50,360,10,10,orderedsp,partition,random
556,1,LTO,biggreedy,24,20,72,50,360,30,30,lastopt10,partition,heuristic
557,1,LTO,biggreedy,24,20,72,50,360,20,20,lastopt10,partition,heuristic
558,1,LTO,biggreedy,24,20,72,50,360,10,10,lastopt10,partition,heuristic
559,1,LTO,biggreedy,24,20,72,50,360,30,30,lastoptall,partition,heuristic
560,1,LTO,biggreedy,24,20,72,50,360,20,20,lastoptall,partition,heuristic
561,1,LTO,biggreedy,24,20,72,50,360,10,10,lastoptall,partition,heuristic
562,1,LTO,biggreedy,24,20,72,50,360,30,30,tabu15,partition,heuristic
563,1,LTO,biggreedy,24,20,72,50,360,20,20,tabu15,partition,heuristic
564,1,LTO,biggreedy,24,20,72,50,360,10,10,tabu15,partition,heuristic
565,1,LTO,biggreedy,24,20,72,50,360,30,30,tabu8,partition,heuristic
566,1,LTO,biggreedy,24,20,72,50,360,20,20,tabu8,partition,heuristic
567,1,LTO,biggreedy,24,20,72,50,360,10,10,tabu8,partition,heuristic
568,1,LTO,biggreedy,24,20,72,50,360,30,30,orderedsp,partition,heuristic
569,1,LTO,biggreedy,24,20,72,50,360,20,20,orderedsp,partition,heuristic
570,1,LTO,biggreedy,24,20,72,50,360,10,10,orderedsp,partition,heuristic
571,2,LTO,biggreedy,24,20,72,50,360,30,30,lastopt10,partition,synergy
572,2,LTO,biggreedy,24,20,72,50,360,20,20,lastopt10,partition,synergy
573,2,LTO,biggreedy,24,20,72,50,360,10,10,lastopt10,partition,synergy
574,2,LTO,biggreedy,24,20,72,50,360,30,30,lastoptall,partition,synergy
575,2,LTO,biggreedy,24,20,72,50,360,20,20,lastoptall,partition,synergy
576,2,LTO,biggreedy,24,20,72,50,360,10,10,lastoptall,partition,synergy
577,2,LTO,biggreedy,24,20,72,50,360,30,30,tabu15,partition,synergy
578,2,LTO,biggreedy,24,20,72,50,360,20,20,tabu15,partition,synergy
579,2,LTO,biggreedy,24,20,72,50,360,10,10,tabu15,partition,synergy
580,2,LTO,biggreedy,24,20,72,50,360,30,30,tabu8,partition,synergy
581,2,LTO,biggreedy,24,20,72,50,360,20,20,tabu8,partition,synergy
582,2,LTO,biggreedy,24,20,72,50,360,10,10,tabu8,partition,synergy
583,2,LTO,biggreedy,24,20,72,50,360,30,30,orderedsp,partition,synergy
584,2,LTO,biggreedy,24,20,72,50,360,20,20,orderedsp,partition,synergy
585,2,LTO,biggreedy,24,20,72,50,360,10,10,orderedsp,partition,synergy
586,2,LTO,biggreedy,24,20,72,50,360,30,30,lastopt10,partition,random
587,2,LTO,biggreedy,24,20,72,50,360,20,20,lastopt10,partition,random
588,2,LTO,biggreedy,24,20,72,50,360,10,10,lastopt10,partition,random
589,2,LTO,biggreedy,24,20,72,50,360,30,30,lastoptall,partition,random
590,2,LTO,biggreedy,24,20,72,50,360,20,20,lastoptall,partition,random
591,2,LTO,biggreedy,24,20,72,50,360,10,10,lastoptall,partition,random
592,2,LTO,biggreedy,24,20,72,50,360,30,30,tabu15,partition,random
593,2,LTO,biggreedy,24,20,72,50,360,20,20,tabu15,partition,random
594,2,LTO,biggreedy,24,20,72,50,360,10,10,tabu15,partition,random
595,2,LTO,biggreedy,24,20,72,50,360,30,30,tabu8,partition,random
596,2,LTO,biggreedy,24,20,72,50,360,20,20,tabu8,partition,random
597,2,LTO,biggreedy,24,20,72,50,360,10,10,tabu8,partition,random
598,2,LTO,biggreedy,24,20,72,50,360,30,30,orderedsp,partition,random
599,2,LTO,biggreedy,24,20,72,50,360,20,20,orderedsp,partition,random
600,2,LTO,biggreedy,24,20,72,50,360,10,10,orderedsp,partition,random
601,2,LTO,biggreedy,24,20,72,50,360,30,30,lastopt10,partition,heuristic
602,2,LTO,biggreedy,24,20,72,50,360,20,20,lastopt10,partition,heuristic
603,2,LTO,biggreedy,24,20,72,50,360,10,10,lastopt10,partition,heuristic
604,2,LTO,biggreedy,24,20,72,50,360,30,30,lastoptall,partition,heuristic
605,2,LTO,biggreedy,24,20,72,50,360,20,20,lastoptall,partition,heuristic
606,2,LTO,biggreedy,24,20,72,50,360,10,10,lastoptall,partition,heuristic
607,2,LTO,biggreedy,24,20,72,50,360,30,30,tabu15,partition,heuristic
608,2,LTO,biggreedy,24,20,72,50,360,20,20,tabu15,partition,heuristic
609,2,LTO,biggreedy,24,20,72,50,360,10,10,tabu15,partition,heuristic
610,2,LTO,biggreedy,24,20,72,50,360,30,30,tabu8,partition,heuristic
611,2,LTO,biggreedy,24,20,72,50,360,20,20,tabu8,partition,heuristic
612,2,LTO,biggreedy,24,20,72,50,360,10,10,tabu8,partition,heuristic
613,2,LTO,biggreedy,24,20,72,50,360,30,30,orderedsp,partition,heuristic
614,2,LTO,biggreedy,24,20,72,50,360,20,20,orderedsp,partition,heuristic
615,2,LTO,biggreedy,24,20,72,50,360,10,10,orderedsp,partition,heuristic
616,3,LTO,biggreedy,24,20,72,50,360,30,30,lastopt10,partition,synergy
617,3,LTO,biggreedy,24,20,72,50,360,20,20,lastopt10,partition,synergy
618,3,LTO,biggreedy,24,20,72,50,360,10,10,lastopt10,partition,synergy
619,3,LTO,biggreedy,24,20,72,50,360,30,30,lastoptall,partition,synergy
620,3,LTO,biggreedy,24,20,72,50,360,20,20,lastoptall,partition,synergy
621,3,LTO,biggreedy,24,20,72,50,360,10,10,lastoptall,partition,synergy
622,3,LTO,biggreedy,24,20,72,50,360,30,30,tabu15,partition,synergy
623,3,LTO,biggreedy,24,20,72,50,360,20,20,tabu15,partition,synergy
624,3,LTO,biggreedy,24,20,72,50,360,10,10,tabu15,partition,synergy
625,3,LTO,biggreedy,24,20,72,50,360,30,30,tabu8,partition,synergy
626,3,LTO,biggreedy,24,20,72,50,360,20,20,tabu8,partition,synergy
627,3,LTO,biggreedy,24,20,72,50,360,10,10,tabu8,partition,synergy
628,3,LTO,biggreedy,24,20,72,50,360,30,30,orderedsp,partition,synergy
629,3,LTO,biggreedy,24,20,72,50,360,20,20,orderedsp,partition,synergy
630,3,LTO,biggreedy,24,20,72,50,360,10,10,orderedsp,partition,synergy
631,3,LTO,biggreedy,24,20,72,50,360,30,30,lastopt10,partition,random
632,3,LTO,biggreedy,24,20,72,50,360,20,20,lastopt10,partition,random
633,3,LTO,biggreedy,24,20,72,50,360,10,10,lastopt10,partition,random
634,3,LTO,biggreedy,24,20,72,50,360,30,30,lastoptall,partition,random
635,3,LTO,biggreedy,24,20,72,50,360,20,20,lastoptall,partition,random
636,3,LTO,biggreedy,24,20,72,50,360,10,10,lastoptall,partition,random
637,3,LTO,biggreedy,24,20,72,50,360,30,30,tabu15,partition,random
638,3,LTO,biggreedy,24,20,72,50,360,20,20,tabu15,partition,random
639,3,LTO,biggreedy,24,20,72,50,360,10,10,tabu15,partition,random
640,3,LTO,biggreedy,24,20,72,50,360,30,30,tabu8,partition,random
641,3,LTO,biggreedy,24,20,72,50,360,20,20,tabu8,partition,random
642,3,LTO,biggreedy,24,20,72,50,360,10,10,tabu8,partition,random
643,3,LTO,biggreedy,24,20,72,50,360,30,30,orderedsp,partition,random
644,3,LTO,biggreedy,24,20,72,50,360,20,20,orderedsp,partition,random
645,3,LTO,biggreedy,24,20,72,50,360,10,10,orderedsp,partition,random
646,3,LTO,biggreedy,24,20,72,50,360,30,30,lastopt10,partition,heuristic
647,3,LTO,biggreedy,24,20,72,50,360,20,20,lastopt10,partition,heuristic
648,3,LTO,biggreedy,24,20,72,50,360,10,10,lastopt10,partition,heuristic
649,3,LTO,biggreedy,24,20,72,50,360,30,30,lastoptall,partition,heuristic
650,3,LTO,biggreedy,24,20,72,50,360,20,20,lastoptall,partition,heuristic
651,3,LTO,biggreedy,24,20,72,50,360,10,10,lastoptall,partition,heuristic
652,3,LTO,biggreedy,24,20,72,50,360,30,30,tabu15,partition,heuristic
653,3,LTO,biggreedy,24,20,72,50,360,20,20,tabu15,partition,heuristic
654,3,LTO,biggreedy,24,20,72,50,360,10,10,tabu15,partition,heuristic
655,3,LTO,biggreedy,24,20,72,50,360,30,30,tabu8,partition,heuristic
656,3,LTO,biggreedy,24,20,72,50,360,20,20,tabu8,partition,heuristic
657,3,LTO,biggreedy,24,20,72,50,360,10,10,tabu8,partition,heuristic
658,3,LTO,biggreedy,24,20,72,50,360,30,30,orderedsp,partition,heuristic
659,3,LTO,biggreedy,24,20,72,50,360,20,20,orderedsp,partition,heuristic
660,3,LTO,biggreedy,24,20,72,50,360,10,10,orderedsp,partition,heuristic
661,4,LTO,biggreedy,24,20,72,50,360,30,30,lastopt10,partition,synergy
662,4,LTO,biggreedy,24,20,72,50,360,20,20,lastopt10,partition,synergy
663,4,LTO,biggreedy,24,20,72,50,360,10,10,lastopt10,partition,synergy
664,4,LTO,biggreedy,24,20,72,50,360,30,30,lastoptall,partition,synergy
665,4,LTO,biggreedy,24,20,72,50,360,20,20,lastoptall,partition,synergy
666,4,LTO,biggreedy,24,20,72,50,360,10,10,lastoptall,partition,synergy
667,4,LTO,biggreedy,24,20,72,50,360,30,30,tabu15,partition,synergy
668,4,LTO,biggreedy,24,20,72,50,360,20,20,tabu15,partition,synergy
669,4,LTO,biggreedy,24,20,72,50,360,10,10,tabu15,partition,synergy
670,4,LTO,biggreedy,24,20,72,50,360,30,30,tabu8,partition,synergy
671,4,LTO,biggreedy,24,20,72,50,360,20,20,tabu8,partition,synergy
672,4,LTO,biggreedy,24,20,72,50,360,10,10,tabu8,partition,synergy
673,4,LTO,biggreedy,24,20,72,50,360,30,30,orderedsp,partition,synergy
674,4,LTO,biggreedy,24,20,72,50,360,20,20,orderedsp,partition,synergy
675,4,LTO,biggreedy,24,20,72,50,360,10,10,orderedsp,partition,synergy
676,4,LTO,biggreedy,24,20,72,50,360,30,30,lastopt10,partition,random
677,4,LTO,biggreedy,24,20,72,50,360,20,20,lastopt10,partition,random
678,4,LTO,biggreedy,24,20,72,50,360,10,10,lastopt10,partition,random
679,4,LTO,biggreedy,24,20,72,50,360,30,30,lastoptall,partition,random
680,4,LTO,biggreedy,24,20,72,50,360,20,20,lastoptall,partition,random
681,4,LTO,biggreedy,24,20,72,50,360,10,10,lastoptall,partition,random
682,4,LTO,biggreedy,24,20,72,50,360,30,30,tabu15,partition,random
683,4,LTO,biggreedy,24,20,72,50,360,20,20,tabu15,partition,random
684,4,LTO,biggreedy,24,20,72,50,360,10,10,tabu15,partition,random
685,4,LTO,biggreedy,24,20,72,50,360,30,30,tabu8,partition,random
686,4,LTO,biggreedy,24,20,72,50,360,20,20,tabu8,partition,random
687,4,LTO,biggreedy,24,20,72,50,360,10,10,tabu8,partition,random
688,4,LTO,biggreedy,24,20,72,50,360,30,30,orderedsp,partition,random
689,4,LTO,biggreedy,24,20,72,50,360,20,20,orderedsp,partition,random
690,4,LTO,biggreedy,24,20,72,50,360,10,10,orderedsp,partition,random
691,4,LTO,biggreedy,24,20,72,50,360,30,30,lastopt10,partition,heuristic
692,4,LTO,biggreedy,24,20,72,50,360,20,20,lastopt10,partition,heuristic
693,4,LTO,biggreedy,24,20,72,50,360,10,10,lastopt10,partition,heuristic
694,4,LTO,biggreedy,24,20,72,50,360,30,30,lastoptall,partition,heuristic
695,4,LTO,biggreedy,24,20,72,50,360,20,20,lastoptall,partition,heuristic
696,4,LTO,biggreedy,24,20,72,50,360,10,10,lastoptall,partition,heuristic
697,4,LTO,biggreedy,24,20,72,50,360,30,30,tabu15,partition,heuristic
698,4,LTO,biggreedy,24,20,72,50,360,20,20,tabu15,partition,heuristic
699,4,LTO,biggreedy,24,20,72,50,360,10,10,tabu15,partition,heuristic
700,4,LTO,biggreedy,24,20,72,50,360,30,30,tabu8,partition,heuristic
701,4,LTO,biggreedy,24,20,72,50,360,20,20,tabu8,partition,heuristic
702,4,LTO,biggreedy,24,20,72,50,360,10,10,tabu8,partition,heuristic
703,4,LTO,biggreedy,24,20,72,50,360,30,30,orderedsp,partition,heuristic
704,4,LTO,biggreedy,24,20,72,50,360,20,20,orderedsp,partition,heuristic
705,4,LTO,biggreedy,24,20,72,50,360,10,10,orderedsp,partition,heuristic
706,5,LTO,biggreedy,24,20,72,50,360,30,30,lastopt10,partition,synergy
707,5,LTO,biggreedy,24,20,72,50,360,20,20,lastopt10,partition,synergy
708,5,LTO,biggreedy,24,20,72,50,360,10,10,lastopt10,partition,synergy
709,5,LTO,biggreedy,24,20,72,50,360,30,30,lastoptall,partition,synergy
710,5,LTO,biggreedy,24,20,72,50,360,20,20,lastoptall,partition,synergy
711,5,LTO,biggreedy,24,20,72,50,360,10,10,lastoptall,partition,synergy
712,5,LTO,biggreedy,24,20,72,50,360,30,30,tabu15,partition,synergy
713,5,LTO,biggreedy,24,20,72,50,360,20,20,tabu15,partition,synergy
714,5,LTO,biggreedy,24,20,72,50,360,10,10,tabu15,partition,synergy
715,5,LTO,biggreedy,24,20,72,50,360,30,30,tabu8,partition,synergy
716,5,LTO,biggreedy,24,20,72,50,360,20,20,tabu8,partition,synergy
717,5,LTO,biggreedy,24,20,72,50,360,10,10,tabu8,partition,synergy
718,5,LTO,biggreedy,24,20,72,50,360,30,30,orderedsp,partition,synergy
719,5,LTO,biggreedy,24,20,72,50,360,20,20,orderedsp,partition,synergy
720,5,LTO,biggreedy,24,20,72,50,360,10,10,orderedsp,partition,synergy
721,5,LTO,biggreedy,24,20,72,50,360,30,30,lastopt10,partition,random
722,5,LTO,biggreedy,24,20,72,50,360,20,20,lastopt10,partition,random
723,5,LTO,biggreedy,24,20,72,50,360,10,10,lastopt10,partition,random
724,5,LTO,biggreedy,24,20,72,50,360,30,30,lastoptall,partition,random
725,5,LTO,biggreedy,24,20,72,50,360,20,20,lastoptall,partition,random
726,5,LTO,biggreedy,24,20,72,50,360,10,10,lastoptall,partition,random
727,5,LTO,biggreedy,24,20,72,50,360,30,30,tabu15,partition,random
728,5,LTO,biggreedy,24,20,72,50,360,20,20,tabu15,partition,random
729,5,LTO,biggreedy,24,20,72,50,360,10,10,tabu15,partition,random
730,5,LTO,biggreedy,24,20,72,50,360,30,30,tabu8,partition,random
731,5,LTO,biggreedy,24,20,72,50,360,20,20,tabu8,partition,random
732,5,LTO,biggreedy,24,20,72,50,360,10,10,tabu8,partition,random
733,5,LTO,biggreedy,24,20,72,50,360,30,30,orderedsp,partition,random
734,5,LTO,biggreedy,24,20,72,50,360,20,20,orderedsp,partition,random
735,5,LTO,biggreedy,24,20,72,50,360,10,10,orderedsp,partition,random
736,5,LTO,biggreedy,24,20,72,50,360,30,30,lastopt10,partition,heuristic
737,5,LTO,biggreedy,24,20,72,50,360,20,20,lastopt10,partition,heuristic
738,5,LTO,biggreedy,24,20,72,50,360,10,10,lastopt10,partition,heuristic
739,5,LTO,biggreedy,24,20,72,50,360,30,30,lastoptall,partition,heuristic
740,5,LTO,biggreedy,24,20,72,50,360,20,20,lastoptall,partition,heuristic
741,5,LTO,biggreedy,24,20,72,50,360,10,10,lastoptall,partition,heuristic
742,5,LTO,biggreedy,24,20,72,50,360,30,30,tabu15,partition,heuristic
743,5,LTO,biggreedy,24,20,72,50,360,20,20,tabu15,partition,heuristic
744,5,LTO,biggreedy,24,20,72,50,360,10,10,tabu15,partition,heuristic
745,5,LTO,biggreedy,24,20,72,50,360,30,30,tabu8,partition,heuristic
746,5,LTO,biggreedy,24,20,72,50,360,20,20,tabu8,partition,heuristic
747,5,LTO,biggreedy,24,20,72,50,360,10,10,tabu8,partition,heuristic
748,5,LTO,biggreedy,24,20,72,50,360,30,30,orderedsp,partition,heuristic
749,5,LTO,biggreedy,24,20,72,50,360,20,20,orderedsp,partition,heuristic
750,5,LTO,biggreedy,24,20,72,50,360,10,10,orderedsp,partition,heuristic
,,,,,,,,,,,,,
,,,,,,,,,,,,,
,,,,,,,,,,,,,
,,,,,,,,,,,,,
,,,,,,,,,,,,,
,,,,,,,,,,,,,
,,,,,,,,,,,,,
,,,,,,,,,,,,,
,,,,,,,,,,,,,
,,,,,,,,,,,,,
,,,,,,,,,,,,,
,,,,,,,,,,,,,
,,,,,,,,,,,,,
,,,,,,,,,,,,,
,,,,,,,,,,,,,
,,,,,,,,,,,,,
,,,,,,,,,,,,,
,,,,,,,,,,,,,
,,,,,,,,,,,,,
,,,,,,,,,,,,,
,,,,,,,,,,,,,
,,,,,,,,,,,,,
,,,,,,,,,,,,,
,,,,,,,,,,,,,
,,,,,,,,,,,,,
,,,,,,,,,,,,,
,,,,,,,,,,,,,
,,,,,,,,,,,,,
,,,,,,,,,,,,,
,,,,,,,,,,,,,
,,,,,,,,,,,,,
,,,,,,,,,,,,,
,,,,,,,,,,,,,
,,,,,,,,,,,,,
,,,,,,,,,,,,,
,,,,,,,,,,,,,
,,,,,,,,,,,,,
,,,,,,,,,,,,,
,,,,,,,,,,,,,
,,,,,,,,,,,,,
,,,,,,,,,,,,,
,,,,,,,,,,,,,
,,,,,,,,,,,,,
,,,,,,,,,,,,,
,,,,,,,,,,,,,
,,,,,,,,,,,,,
,,,,,,,,,,,,,
,,,,,,,,,,,,,
,,,,,,,,,,,,,
,,,,,,,,,,,,,
,,,,,,,,,,,,,
,,,,,,,,,,,,,
,,,,,,,,,,,,,
,,,,,,,,,,,,,
,,,,,,,,,,,,,
,,,,,,,,,,,,,
,,,,,,,,,,,,,
,,,,,,,,,,,,,
,,,,,,,,,,,,,
,,,,,,,,,,,,,
,,,,,,,,,,,,,
,,,,,,,,,,,,,
,,,,,,,,,,,,,
,,,,,,,,,,,,,
,,,,,,,,,,,,,
,,,,,,,,,,,,,
,,,,,,,,,,,,,
,,,,,,,,,,,,,
,,,,,,,,,,,,,
,,,,,,,,,,,,,
,,,,,,,,,,,,,
,,,,,,,,,,,,,
,,,,,,,,,,,,,
,,,,,,,,,,,,,
,,,,,,,,,,,,,
,,,,,,,,,,,,,
,,,,,,,,,,,,,
,,,,,,,,,,,,,
,,,,,,,,,,,,,
,,,,,,,,,,,,,
,,,,,,,,,,,,,
,,,,,,,,,,,,,
,,,,,,,,,,,,,
,,,,,,,,,,,,,
,,,,,,,,,,,,,
,,,,,,,,,,,,,
,,,,,,,,,,,,,
,,,,,,,,,,,,,
,,,,,,,,,,,,,
,,,,,,,,,,,,,
,,,,,,,,,,,,,
,,,,,,,,,,,,,
,,,,,,,,,,,,,
,,,,,,,,,,,,,
,,,,,,,,,,,,,
,,,,,,,,,,,,,
,,,,,,,,,,,,,
,,,,,,,,,,,,,
,,,,,,,,,,,,,
,,,,,,,,,,,,,
,,,,,,,,,,,,,
,,,,,,,,,,,,,
,,,,,,,,,,,,,
,,,,,,,,,,,,,
,,,,,,,,,,,,,
,,,,,,,,,,,,,
,,,,,,,,,,,,,
,,,,,,,,,,,,,
,,,,,,,,,,,,,
,,,,,,,,,,,,,
,,,,,,,,,,,,,
,,,,,,,,,,,,,
,,,,,,,,,,,,,
,,,,,,,,,,,,,
,,,,,,,,,,,,,
,,,,,,,,,,,,,
,,,,,,,,,,,,,
,,,,,,,,,,,,,
,,,,,,,,,,,,,
,,,,,,,,,,,,,
,,,,,,,,,,,,,
,,,,,,,,,,,,,
,,,,,,,,,,,,,
,,,,,,,,,,,,,
,,,,,,,,,,,,,
,,,,,,,,,,,,,
,,,,,,,,,,,,,
,,,,,,,,,,,,,
,,,,,,,,,,,,,
,,,,,,,,,,,,,
,,,,,,,,,,,,,
,,,,,,,,,,,,,
,,,,,,,,,,,,,
,,,,,,,,,,,,,
,,,,,,,,,,,,,
,,,,,,,,,,,,,
,,,,,,,,,,,,,
,,,,,,,,,,,,,
,,,,,,,,,,,,,
,,,,,,,,,,,,,
,,,,,,,,,,,,,
,,,,,,,,,,,,,
,,,,,,,,,,,,,
,,,,,,,,,,,,,
,,,,,,,,,,,,,
,,,,,,,,,,,,,
,,,,,,,,,,,,,
,,,,,,,,,,,,,
,,,,,,,,,,,,,
,,,,,,,,,,,,,
,,,,,,,,,,,,,
,,,,,,,,,,,,,
,,,,,,,,,,,,,
,,,,,,,,,,,,,
,,,,,,,,,,,,,
,,,,,,,,,,,,,
,,,,,,,,,,,,,
,,,,,,,,,,,,,
,,,,,,,,,,,,,
,,,,,,,,,,,,,
,,,,,,,,,,,,,
,,,,,,,,,,,,,
,,,,,,,,,,,,,
,,,,,,,,,,,,,
,,,,,,,,,,,,,
,,,,,,,,,,,,,
,,,,,,,,,,,,,
,,,,,,,,,,,,,
,,,,,,,,,,,,,
,,,,,,,,,,,,,
,,,,,,,,,,,,,
,,,,,,,,,,,,,
,,,,,,,,,,,,,
,,,,,,,,,,,,,
,,,,,,,,,,,,,
,,,,,,,,,,,,,
,,,,,,,,,,,,,
,,,,,,,,,,,,,
,,,,,,,,,,,,,
,,,,,,,,,,,,,
,,,,,,,,,,,,,
,,,,,,,,,,,,,
,,,,,,,,,,,,,
,,,,,,,,,,,,,
,,,,,,,,,,,,,
,,,,,,,,,,,,,
,,,,,,,,,,,,,
,,,,,,,,,,,,,
,,,,,,,,,,,,,
,,,,,,,,,,,,,
,,,,,,,,,,,,,
,,,,,,,,,,,,,
,,,,,,,,,,,,,
,,,,,,,,,,,,,
,,,,,,,,,,,,,
,,,,,,,,,,,,,
,,,,,,,,,,,,,
,,,,,,,,,,,,,
,,,,,,,,,,,,,
,,,,,,,,,,,,,
,,,,,,,,,,,,,
,,,,,,,,,,,,,
,,,,,,,,,,,,,
,,,,,,,,,,,,,
,,,,,,,,,,,,,
,,,,,,,,,,,,,
,,,,,,,,,,,,,
,,,,,,,,,,,,,
,,,,,,,,,,,,,
,,,,,,,,,,,,,
,,,,,,,,,,,,,
,,,,,,,,,,,,,
,,,,,,,,,,,,,
,,,,,,,,,,,,,
,,,,,,,,,,,,,
,,,,,,,,,,,,,
,,,,,,,,,,,,,
,,,,,,,,,,,,,
,,,,,,,,,,,,,
,,,,,,,,,,,,,
,,,,,,,,,,,,,
,,,,,,,,,,,,,
,,,,,,,,,,,,,
,,,,,,,,,,,,,
,,,,,,,,,,,,,
,,,,,,,,,,,,,
,,,,,,,,,,,,,
,,,,,,,,,,,,,
,,,,,,,,,,,,,
,,,,,,,,,,,,,
,,,,,,,,,,,,,
,,,,,,,,,,,,,
,,,,,,,,,,,,,
,,,,,,,,,,,,,
,,,,,,,,,,,,,
,,,,,,,,,,,,,
,,,,,,,,,,,,,
,,,,,,,,,,,,,
,,,,,,,,,,,,,
,,,,,,,,,,,,,
,,,,,,,,,,,,,
,,,,,,,,,,,,,
,,,,,,,,,,,,,
,,,,,,,,,,,,,
,,,,,,,,,,,,,
,,,,,,,,,,,,,
,,,,,,,,,,,,,
,,,,,,,,,,,,,
,,,,,,,,,,,,,
,,,,,,,,,,,,,
,,,,,,,,,,,,,
,,,,,,,,,,,,,
,,,,,,,,,,,,,
,,,,,,,,,,,,,
,,,,,,,,,,,,,
,,,,,,,,,,,,,
,,,,,,,,,,,,,
,,,,,,,,,,,,,
,,,,,,,,,,,,,
,,,,,,,,,,,,,
,,,,,,,,,,,,,
,,,,,,,,,,,,,
,,,,,,,,,,,,,
,,,,,,,,,,,,,
,,,,,,,,,,,,,
,,,,,,,,,,,,,
,,,,,,,,,,,,,
,,,,,,,,,,,,,
,,,,,,,,,,,,,
,,,,,,,,,,,,,
,,,,,,,,,,,,,
,,,,,,,,,,,,,
,,,,,,,,,,,,,
,,,,,,,,,,,,,
,,,,,,,,,,,,,
,,,,,,,,,,,,,
,,,,,,,,,,,,,
,,,,,,,,,,,,,
,,,,,,,,,,,,,
,,,,,,,,,,,,,
,,,,,,,,,,,,,
,,,,,,,,,,,,,
,,,,,,,,,,,,,
,,,,,,,,,,,,,
,,,,,,,,,,,,,
,,,,,,,,,,,,,
,,,,,,,,,,,,,
,,,,,,,,,,,,,
,,,,,,,,,,,,,
,,,,,,,,,,,,,
,,,,,,,,,,,,,
,,,,,,,,,,,,,
,,,,,,,,,,,,,
,,,,,,,,,,,,,
,,,,,,,,,,,,,
,,,,,,,,,,,,,
,,,,,,,,,,,,,
,,,,,,,,,,,,,
,,,,,,,,,,,,,
,,,,,,,,,,,,,
,,,,,,,,,,,,,
,,,,,,,,,,,,,
,,,,,,,,,,,,,
,,,,,,,,,,,,,
,,,,,,,,,,,,,
,,,,,,,,,,,,,
,,,,,,,,,,,,,
,,,,,,,,,,,,,
,,,,,,,,,,,,,
,,,,,,,,,,,,,
,,,,,,,,,,,,,
,,,,,,,,,,,,,
,,,,,,,,,,,,,
,,,,,,,,,,,,,
,,,,,,,,,,,,,
,,,,,,,,,,,,,
,,,,,,,,,,,,,
,,,,,,,,,,,,,
,,,,,,,,,,,,,
,,,,,,,,,,,,,
,,,,,,,,,,,,,
,,,,,,,,,,,,,
,,,,,,,,,,,,,
,,,,,,,,,,,,,
,,,,,,,,,,,,,
,,,,,,,,,,,,,
,,,,,,,,,,,,,
,,,,,,,,,,,,,
,,,,,,,,,,,,,
,,,,,,,,,,,,,
,,,,,,,,,,,,,
,,,,,,,,,,,,,
,,,,,,,,,,,,,
,,,,,,,,,,,,,
,,,,,,,,,,,,,
,,,,,,,,,,,,,
,,,,,,,,,,,,,
,,,,,,,,,,,,,
,,,,,,,,,,,,,
,,,,,,,,,,,,,
,,,,,,,,,,,,,
,,,,,,,,,,,,,
,,,,,,,,,,,,,
,,,,,,,,,,,,,
,,,,,,,,,,,,,
,,,,,,,,,,,,,
,,,,,,,,,,,,,
,,,,,,,,,,,,,
,,,,,,,,,,,,,
,,,,,,,,,,,,,
,,,,,,,,,,,,,
,,,,,,,,,,,,,
,,,,,,,,,,,,,
,,,,,,,,,,,,,
,,,,,,,,,,,,,
,,,,,,,,,,,,,
,,,,,,,,,,,,,
,,,,,,,,,,,,,
,,,,,,,,,,,,,
,,,,,,,,,,,,,
,,,,,,,,,,,,,
,,,,,,,,,,,,,
,,,,,,,,,,,,,
,,,,,,,,,,,,,
,,,,,,,,,,,,,
,,,,,,,,,,,,,
,,,,,,,,,,,,,
,,,,,,,,,,,,,
,,,,,,,,,,,,,
,,,,,,,,,,,,,
,,,,,,,,,,,,,
,,,,,,,,,,,,,
,,,,,,,,,,,,,
,,,,,,,,,,,,,
,,,,,,,,,,,,,
,,,,,,,,,,,,,
,,,,,,,,,,,,,
,,,,,,,,,,,,,
,,,,,,,,,,,,,
,,,,,,,,,,,,,
,,,,,,,,,,,,,
,,,,,,,,,,,,,
,,,,,,,,,,,,,
,,,,,,,,,,,,,
,,,,,,,,,,,,,
,,,,,,,,,,,,,
,,,,,,,,,,,,,
,,,,,,,,,,,,,
,,,,,,,,,,,,,
,,,,,,,,,,,,,
,,,,,,,,,,,,,
,,,,,,,,,,,,,
,,,,,,,,,,,,,
,,,,,,,,,,,,,
,,,,,,,,,,,,,
,,,,,,,,,,,,,
,,,,,,,,,,,,,
,,,,,,,,,,,,,
,,,,,,,,,,,,,
,,,,,,,,,,,,,
,,,,,,,,,,,,,
,,,,,,,,,,,,,
,,,,,,,,,,,,,
,,,,,,,,,,,,,
,,,,,,,,,,,,,
,,,,,,,,,,,,,
,,,,,,,,,,,,,
,,,,,,,,,,,,,
,,,,,,,,,,,,,
,,,,,,,,,,,,,
,,,,,,,,,,,,,
,,,,,,,,,,,,,
,,,,,,,,,,,,,
,,,,,,,,,,,,,
,,,,,,,,,,,,,
,,,,,,,,,,,,,
,,,,,,,,,,,,,
,,,,,,,,,,,,,
,,,,,,,,,,,,,
,,,,,,,,,,,,,
,,,,,,,,,,,,,
,,,,,,,,,,,,,
,,,,,,,,,,,,,
,,,,,,,,,,,,,
,,,,,,,,,,,,,
,,,,,,,,,,,,,
,,,,,,,,,,,,,
,,,,,,,,,,,,,
,,,,,,,,,,,,,
,,,,,,,,,,,,,
,,,,,,,,,,,,,
,,,,,,,,,,,,,
,,,,,,,,,,,,,
,,,,,,,,,,,,,
,,,,,,,,,,,,,
,,,,,,,,,,,,,
,,,,,,,,,,,,,
,,,,,,,,,,,,,
,,,,,,,,,,,,,
,,,,,,,,,,,,,
,,,,,,,,,,,,,
,,,,,,,,,,,,,
,,,,,,,,,,,,,
,,,,,,,,,,,,,
,,,,,,,,,,,,,
,,,,,,,,,,,,,
,,,,,,,,,,,,,
,,,,,,,,,,,,,
,,,,,,,,,,,,,
,,,,,,,,,,,,,
,,,,,,,,,,,,,
,,,,,,,,,,,,,
,,,,,,,,,,,,,
,,,,,,,,,,,,,
,,,,,,,,,,,,,
,,,,,,,,,,,,,
,,,,,,,,,,,,,
,,,,,,,,,,,,,
,,,,,,,,,,,,,
,,,,,,,,,,,,,
,,,,,,,,,,,,,
,,,,,,,,,,,,,
,,,,,,,,,,,,,
,,,,,,,,,,,,,
,,,,,,,,,,,,,
,,,,,,,,,,,,,
,,,,,,,,,,,,,
,,,,,,,,,,,,,
,,,,,,,,,,,,,
,,,,,,,,,,,,,
,,,,,,,,,,,,,
,,,,,,,,,,,,,
,,,,,,,,,,,,,
,,,,,,,,,,,,,
,,,,,,,,,,,,,
,,,,,,,,,,,,,
,,,,,,,,,,,,,
,,,,,,,,,,,,,
,,,,,,,,,,,,,
,,,,,,,,,,,,,
,,,,,,,,,,,,,
,,,,,,,,,,,,,
,,,,,,,,,,,,,
,,,,,,,,,,,,,
,,,,,,,,,,,,,
,,,,,,,,,,,,,
,,,,,,,,,,,,,
,,,,,,,,,,,,,
,,,,,,,,,,,,,
,,,,,,,,,,,,,
,,,,,,,,,,,,,
,,,,,,,,,,,,,
,,,,,,,,,,,,,
,,,,,,,,,,,,,
,,,,,,,,,,,,,
,,,,,,,,,,,,,
,,,,,,,,,,,,,
,,,,,,,,,,,,,
,,,,,,,,,,,,,
,,,,,,,,,,,,,
,,,,,,,,,,,,,
,,,,,,,,,,,,,
,,,,,,,,,,,,,
,,,,,,,,,,,,,
,,,,,,,,,,,,,
,,,,,,,,,,,,,
,,,,,,,,,,,,,
,,,,,,,,,,,,,
,,,,,,,,,,,,,
,,,,,,,,,,,,,
,,,,,,,,,,,,,
,,,,,,,,,,,,,
,,,,,,,,,,,,,
,,,,,,,,,,,,,
,,,,,,,,,,,,,
,,,,,,,,,,,,,
,,,,,,,,,,,,,
,,,,,,,,,,,,,
,,,,,,,,,,,,,
,,,,,,,,,,,,,
,,,,,,,,,,,,,
,,,,,,,,,,,,,
,,,,,,,,,,,,,
,,,,,,,,,,,,,
,,,,,,,,,,,,,
,,,,,,,,,,,,,
,,,,,,,,,,,,,
,,,,,,,,,,,,,
,,,,,,,,,,,,,
,,,,,,,,,,,,,
,,,,,,,,,,,,,
,,,,,,,,,,,,,
,,,,,,,,,,,,,
,,,,,,,,,,,,,
,,,,,,,,,,,,,
,,,,,,,,,,,,,
,,,,,,,,,,,,,
,,,,,,,,,,,,,
,,,,,,,,,,,,,
,,,,,,,,,,,,,
,,,,,,,,,,,,,1
,,,,,,,,,,,,,1
,,,,,,,,,,,,,1
,,,,,,,,,,,,,1
,,,,,,,,,,,,,1
,,,,,,,,,,,,,1
,,,,,,,,,,,,,1
,,,,,,,,,,,,,1
,,,,,,,,,,,,,1
,,,,,,,,,,,,,1
,,,,,,,,,,,,,1
,,,,,,,,,,,,,1
,,,,,,,,,,,,,1
,,,,,,,,,,,,,1
,,,,,,,,,,,,,1
,,,,,,,,,,,,,1
,,,,,,,,,,,,,1
,,,,,,,,,,,,,1
,,,,,,,,,,,,,1
,,,,,,,,,,,,,1
,,,,,,,,,,,,,1
,,,,,,,,,,,,,1
,,,,,,,,,,,,,1
,,,,,,,,,,,,,1
,,,,,,,,,,,,,1
,,,,,,,,,,,,,1
,,,,,,,,,,,,,1
,,,,,,,,,,,,,1
,,,,,,,,,,,,,1
,,,,,,,,,,,,,1
,,,,,,,,,,,,,
,,,,,,,,,,,,,
,,,,,,,,,,,,,
,,,,,,,,,,,,,
,,,,,,,,,,,,,
,,,,,,,,,,,,,
,,,,,,,,,,,,,
,,,,,,,,,,,,,
,,,,,,,,,,,,,
,,,,,,,,,,,,,
,,,,,,,,,,,,,
,,,,,,,,,,,,,
,,,,,,,,,,,,,
,,,,,,,,,,,,,
,,,,,,,,,,,,,
,,,,,,,,,,,,,
,,,,,,,,,,,,,
,,,,,,,,,,,,,
,,,,,,,,,,,,,
,,,,,,,,,,,,,
,,,,,,,,,,,,,
,,,,,,,,,,,,,
,,,,,,,,,,,,,
,,,,,,,,,,,,,
,,,,,,,,,,,,,
,,,,,,,,,,,,,
,,,,,,,,,,,,,
,,,,,,,,,,,,,
,,,,,,,,,,,,,
,,,,,,,,,,,,,
,,,,,,,,,,,,,
,,,,,,,,,,,,,
,,,,,,,,,,,,,
,,,,,,,,,,,,,
,,,,,,,,,,,,,
,,,,,,,,,,,,,
,,,,,,,,,,,,,
,,,,,,,,,,,,,
,,,,,,,,,,,,,
,,,,,,,,,,,,,
,,,,,,,,,,,,,
,,,,,,,,,,,,,
,,,,,,,,,,,,,
,,,,,,,,,,,,,
,,,,,,,,,,,,,
,,,,,,,,,,,,,
,,,,,,,,,,,,,
,,,,,,,,,,,,,
,,,,,,,,,,,,,
,,,,,,,,,,,,,
,,,,,,,,,,,,,
,,,,,,,,,,,,,
,,,,,,,,,,,,,
,,,,,,,,,,,,,
,,,,,,,,,,,,,
,,,,,,,,,,,,,
,,,,,,,,,,,,,
,,,,,,,,,,,,,
,,,,,,,,,,,,,
,,,,,,,,,,,,,
,,,,,,,,,,,,,
,,,,,,,,,,,,,
,,,,,,,,,,,,,
,,,,,,,,,,,,,
,,,,,,,,,,,,,
,,,,,,,,,,,,,
,,,,,,,,,,,,,
,,,,,,,,,,,,,
,,,,,,,,,,,,,
,,,,,,,,,,,,,
,,,,,,,,,,,,,
,,,,,,,,,,,,,
,,,,,,,,,,,,,
,,,,,,,,,,,,,
,,,,,,,,,,,,,
,,,,,,,,,,,,,
,,,,,,,,,,,,,
,,,,,,,,,,,,,
,,,,,,,,,,,,,
,,,,,,,,,,,,,
,,,,,,,,,,,,,
,,,,,,,,,,,,,
,,,,,,,,,,,,,
,,,,,,,,,,,,,
,,,,,,,,,,,,,
,,,,,,,,,,,,,
,,,,,,,,,,,,,
,,,,,,,,,,,,,
,,,,,,,,,,,,,
,,,,,,,,,,,,,
,,,,,,,,,,,,,
,,,,,,,,,,,,,
,,,,,,,,,,,,,
,,,,,,,,,,,,,
,,,,,,,,,,,,,
,,,,,,,,,,,,,
,,,,,,,,,,,,,
,,,,,,,,,,,,,
,,,,,,,,,,,,,
,,,,,,,,,,,,,
,,,,,,,,,,,,,
,,,,,,,,,,,,,
,,,,,,,,,,,,,
,,,,,,,,,,,,,
,,,,,,,,,,,,,
,,,,,,,,,,,,,
,,,,,,,,,,,,,
,,,,,,,,,,,,,
,,,,,,,,,,,,,
,,,,,,,,,,,,,
,,,,,,,,,,,,,
,,,,,,,,,,,,,
,,,,,,,,,,,,,
,,,,,,,,,,,,,
,,,,,,,,,,,,,
,,,,,,,,,,,,,
,,,,,,,,,,,,,
,,,,,,,,,,,,,
,,,,,,,,,,,,,
,,,,,,,,,,,,,
,,,,,,,,,,,,,
,,,,,,,,,,,,,
,,,,,,,,,,,,,
,,,,,,,,,,,,,
,,,,,,,,,,,,,
,,,,,,,,,,,,,
,,,,,,,,,,,,,
,,,,,,,,,,,,,
,,,,,,,,,,,,,
,,,,,,,,,,,,,
,,,,,,,,,,,,,
,,,,,,,,,,,,,
,,,,,,,,,,,,,
,,,,,,,,,,,,,
,,,,,,,,,,,,,
,,,,,,,,,,,,,
,,,,,,,,,,,,,
,,,,,,,,,,,,,
,,,,,,,,,,,,,
,,,,,,,,,,,,,
,,,,,,,,,,,,,
,,,,,,,,,,,,,
,,,,,,,,,,,,,
,,,,,,,,,,,,,
,,,,,,,,,,,,,
,,,,,,,,,,,,,
,,,,,,,,,,,,,
,,,,,,,,,,,,,
,,,,,,,,,,,,,
,,,,,,,,,,,,,
,,,,,,,,,,,,,
,,,,,,,,,,,,,
,,,,,,,,,,,,,
,,,,,,,,,,,,,
,,,,,,,,,,,,,
,,,,,,,,,,,,,
,,,,,,,,,,,,,
,,,,,,,,,,,,,
,,,,,,,,,,,,,
,,,,,,,,,,,,,
,,,,,,,,,,,,,
,,,,,,,,,,,,,
,,,,,,,,,,,,,
,,,,,,,,,,,,,
,,,,,,,,,,,,,
,,,,,,,,,,,,,
,,,,,,,,,,,,,
,,,,,,,,,,,,,
,,,,,,,,,,,,,
,,,,,,,,,,,,,
,,,,,,,,,,,,,
,,,,,,,,,,,,,
,,,,,,,,,,,,,
,,,,,,,,,,,,,
,,,,,,,,,,,,,
,,,,,,,,,,,,,
,,,,,,,,,,,,,
,,,,,,,,,,,,,
,,,,,,,,,,,,,
,,,,,,,,,,,,,
,,,,,,,,,,,,,
,,,,,,,,,,,,,
,,,,,,,,,,,,,
,,,,,,,,,,,,,
,,,,,,,,,,,,,
,,,,,,,,,,,,,
,,,,,,,,,,,,,
,,,,,,,,,,,,,
,,,,,,,,,,,,,
,,,,,,,,,,,,,
,,,,,,,,,,,,,
,,,,,,,,,,,,,
,,,,,,,,,,,,,
,,,,,,,,,,,,,
,,,,,,,,,,,,,
,,,,,,,,,,,,,
,,,,,,,,,,,,,
,,,,,,,,,,,,,
,,,,,,,,,,,,,
,,,,,,,,,,,,,
,,,,,,,,,,,,,
,,,,,,,,,,,,,
,,,,,,,,,,,,,
,,,,,,,,,,,,,
,,,,,,,,,,,,,
,,,,,,,,,,,,,
,,,,,,,,,,,,,
,,,,,,,,,,,,,
,,,,,,,,,,,,,
,,,,,,,,,,,,,
,,,,,,,,,,,,,
,,,,,,,,,,,,,
,,,,,,,,,,,,,
,,,,,,,,,,,,,
,,,,,,,,,,,,,
,,,,,,,,,,,,,
,,,,,,,,,,,,,
,,,,,,,,,,,,,
,,,,,,,,,,,,,
,,,,,,,,,,,,,
,,,,,,,,,,,,,
,,,,,,,,,,,,,
,,,,,,,,,,,,,
,,,,,,,,,,,,,
,,,,,,,,,,,,,
,,,,,,,,,,,,,
,,,,,,,,,,,,,
,,,,,,,,,,,,,
,,,,,,,,,,,,,
,,,,,,,,,,,,,
,,,,,,,,,,,,,
,,,,,,,,,,,,,
,,,,,,,,,,,,,
,,,,,,,,,,,,,
,,,,,,,,,,,,,
,,,,,,,,,,,,,
,,,,,,,,,,,,,
,,,,,,,,,,,,,
,,,,,,,,,,,,,
,,,,,,,,,,,,,
,,,,,,,,,,,,,
,,,,,,,,,,,,,
,,,,,,,,,,,,,
,,,,,,,,,,,,,
,,,,,,,,,,,,,
,,,,,,,,,,,,,
,,,,,,,,,,,,,
,,,,,,,,,,,,,
,,,,,,,,,,,,,
,,,,,,,,,,,,,
,,,,,,,,,,,,,
,,,,,,,,,,,,,
,,,,,,,,,,,,,
,,,,,,,,,,,,,
,,,,,,,,,,,,,
,,,,,,,,,,,,,
,,,,,,,,,,,,,
,,,,,,,,,,,,,
,,,,,,,,,,,,,
,,,,,,,,,,,,,
,,,,,,,,,,,,,
,,,,,,,,,,,,,
,,,,,,,,,,,,,
,,,,,,,,,,,,,
,,,,,,,,,,,,,
,,,,,,,,,,,,,
,,,,,,,,,,,,,
,,,,,,,,,,,,,
,,,,,,,,,,,,,
,,,,,,,,,,,,,
,,,,,,,,,,,,,1
,,,,,,,,,,,,,1
,,,,,,,,,,,,,1
,,,,,,,,,,,,,1
,,,,,,,,,,,,,1
,,,,,,,,,,,,,1
,,,,,,,,,,,,,1
,,,,,,,,,,,,,1
,,,,,,,,,,,,,1
,,,,,,,,,,,,,1
,,,,,,,,,,,,,1
,,,,,,,,,,,,,1
,,,,,,,,,,,,,1
,,,,,,,,,,,,,1
,,,,,,,,,,,,,1
,,,,,,,,,,,,,1
,,,,,,,,,,,,,1
,,,,,,,,,,,,,1
,,,,,,,,,,,,,1
,,,,,,,,,,,,,1
,,,,,,,,,,,,,1
,,,,,,,,,,,,,1
,,,,,,,,,,,,,1
,,,,,,,,,,,,,1
,,,,,,,,,,,,,1
,,,,,,,,,,,,,1
,,,,,,,,,,,,,1
,,,,,,,,,,,,,1
,,,,,,,,,,,,,1
,,,,,,,,,,,,,1
,,,,,,,,,,,,,
,,,,,,,,,,,,,
,,,,,,,,,,,,,
,,,,,,,,,,,,,
,,,,,,,,,,,,,
,,,,,,,,,,,,,
,,,,,,,,,,,,,
,,,,,,,,,,,,,
,,,,,,,,,,,,,
,,,,,,,,,,,,,
,,,,,,,,,,,,,
,,,,,,,,,,,,,
,,,,,,,,,,,,,
,,,,,,,,,,,,,
,,,,,,,,,,,,,
,,,,,,,,,,,,,
,,,,,,,,,,,,,
,,,,,,,,,,,,,
,,,,,,,,,,,,,
,,,,,,,,,,,,,
,,,,,,,,,,,,,
,,,,,,,,,,,,,
,,,,,,,,,,,,,
,,,,,,,,,,,,,
,,,,,,,,,,,,,
,,,,,,,,,,,,,
,,,,,,,,,,,,,
,,,,,,,,,,,,,
,,,,,,,,,,,,,
,,,,,,,,,,,,,
,,,,,,,,,,,,,
,,,,,,,,,,,,,
,,,,,,,,,,,,,
,,,,,,,,,,,,,
,,,,,,,,,,,,,
,,,,,,,,,,,,,
,,,,,,,,,,,,,
,,,,,,,,,,,,,
,,,,,,,,,,,,,
,,,,,,,,,,,,,
,,,,,,,,,,,,,
,,,,,,,,,,,,,
,,,,,,,,,,,,,
,,,,,,,,,,,,,
,,,,,,,,,,,,,
,,,,,,,,,,,,,
,,,,,,,,,,,,,
,,,,,,,,,,,,,
,,,,,,,,,,,,,
,,,,,,,,,,,,,
,,,,,,,,,,,,,
,,,,,,,,,,,,,
,,,,,,,,,,,,,
,,,,,,,,,,,,,
,,,,,,,,,,,,,
,,,,,,,,,,,,,
,,,,,,,,,,,,,
,,,,,,,,,,,,,
,,,,,,,,,,,,,
,,,,,,,,,,,,,
,,,,,,,,,,,,,
,,,,,,,,,,,,,
,,,,,,,,,,,,,
,,,,,,,,,,,,,
,,,,,,,,,,,,,
,,,,,,,,,,,,,
,,,,,,,,,,,,,
,,,,,,,,,,,,,
,,,,,,,,,,,,,
,,,,,,,,,,,,,
,,,,,,,,,,,,,
,,,,,,,,,,,,,
,,,,,,,,,,,,,
,,,,,,,,,,,,,
,,,,,,,,,,,,,
,,,,,,,,,,,,,
,,,,,,,,,,,,,
,,,,,,,,,,,,,
,,,,,,,,,,,,,
,,,,,,,,,,,,,
,,,,,,,,,,,,,
,,,,,,,,,,,,,
,,,,,,,,,,,,,
,,,,,,,,,,,,,
,,,,,,,,,,,,,
,,,,,,,,,,,,,
,,,,,,,,,,,,,
,,,,,,,,,,,,,
,,,,,,,,,,,,,
,,,,,,,,,,,,,
,,,,,,,,,,,,,
,,,,,,,,,,,,,
,,,,,,,,,,,,,
,,,,,,,,,,,,,
,,,,,,,,,,,,,
,,,,,,,,,,,,,
,,,,,,,,,,,,,
,,,,,,,,,,,,,
,,,,,,,,,,,,,
,,,,,,,,,,,,,
,,,,,,,,,,,,,
,,,,,,,,,,,,,
,,,,,,,,,,,,,
,,,,,,,,,,,,,
,,,,,,,,,,,,,
,,,,,,,,,,,,,
,,,,,,,,,,,,,
,,,,,,,,,,,,,
,,,,,,,,,,,,,
,,,,,,,,,,,,,
,,,,,,,,,,,,,
,,,,,,,,,,,,,
,,,,,,,,,,,,,
,,,,,,,,,,,,,
,,,,,,,,,,,,,
,,,,,,,,,,,,,
,,,,,,,,,,,,,
,,,,,,,,,,,,,
,,,,,,,,,,,,,
,,,,,,,,,,,,,
,,,,,,,,,,,,,
,,,,,,,,,,,,,
,,,,,,,,,,,,,
,,,,,,,,,,,,,
,,,,,,,,,,,,,
,,,,,,,,,,,,,
,,,,,,,,,,,,,
,,,,,,,,,,,,,
,,,,,,,,,,,,,
,,,,,,,,,,,,,
,,,,,,,,,,,,,
,,,,,,,,,,,,,
,,,,,,,,,,,,,
,,,,,,,,,,,,,
,,,,,,,,,,,,,
,,,,,,,,,,,,,
,,,,,,,,,,,,,
,,,,,,,,,,,,,
,,,,,,,,,,,,,
,,,,,,,,,,,,,
,,,,,,,,,,,,,
,,,,,,,,,,,,,
,,,,,,,,,,,,,
,,,,,,,,,,,,,
,,,,,,,,,,,,,
,,,,,,,,,,,,,
,,,,,,,,,,,,,
,,,,,,,,,,,,,
,,,,,,,,,,,,,
,,,,,,,,,,,,,
,,,,,,,,,,,,,
,,,,,,,,,,,,,
,,,,,,,,,,,,,
,,,,,,,,,,,,,
,,,,,,,,,,,,,
,,,,,,,,,,,,,
,,,,,,,,,,,,,
,,,,,,,,,,,,,
,,,,,,,,,,,,,
,,,,,,,,,,,,,
,,,,,,,,,,,,,
,,,,,,,,,,,,,
,,,,,,,,,,,,,
,,,,,,,,,,,,,
,,,,,,,,,,,,,
,,,,,,,,,,,,,
,,,,,,,,,,,,,
,,,,,,,,,,,,,
,,,,,,,,,,,,,
,,,,,,,,,,,,,
,,,,,,,,,,,,,
,,,,,,,,,,,,,
,,,,,,,,,,,,,
,,,,,,,,,,,,,
,,,,,,,,,,,,,
,,,,,,,,,,,,,
,,,,,,,,,,,,,
,,,,,,,,,,,,,
,,,,,,,,,,,,,
,,,,,,,,,,,,,
,,,,,,,,,,,,,
,,,,,,,,,,,,,
,,,,,,,,,,,,,
,,,,,,,,,,,,,
,,,,,,,,,,,,,
,,,,,,,,,,,,,
,,,,,,,,,,,,,
,,,,,,,,,,,,,
,,,,,,,,,,,,,
,,,,,,,,,,,,,
,,,,,,,,,,,,,
,,,,,,,,,,,,,
,,,,,,,,,,,,,
,,,,,,,,,,,,,
,,,,,,,,,,,,,
,,,,,,,,,,,,,
,,,,,,,,,,,,,
,,,,,,,,,,,,,
,,,,,,,,,,,,,
,,,,,,,,,,,,,
,,,,,,,,,,,,,
,,,,,,,,,,,,,
,,,,,,,,,,,,,
,,,,,,,,,,,,,
,,,,,,,,,,,,,
,,,,,,,,,,,,,
,,,,,,,,,,,,,
,,,,,,,,,,,,,
,,,,,,,,,,,,,
,,,,,,,,,,,,,
,,,,,,,,,,,,,
,,,,,,,,,,,,,
,,,,,,,,,,,,,
,,,,,,,,,,,,,
,,,,,,,,,,,,,
,,,,,,,,,,,,,
,,,,,,,,,,,,,
,,,,,,,,,,,,,
,,,,,,,,,,,,,
,,,,,,,,,,,,,
,,,,,,,,,,,,,
,,,,,,,,,,,,,
,,,,,,,,,,,,,
,,,,,,,,,,,,,
,,,,,,,,,,,,,
,,,,,,,,,,,,,
,,,,,,,,,,,,,
,,,,,,,,,,,,,
,,,,,,,,,,,,,
,,,,,,,,,,,,,
,,,,,,,,,,,,,
,,,,,,,,,,,,,
,,,,,,,,,,,,,
,,,,,,,,,,,,,
,,,,,,,,,,,,,
,,,,,,,,,,,,,
,,,,,,,,,,,,,
,,,,,,,,,,,,,
,,,,,,,,,,,,,
,,,,,,,,,,,,,
,,,,,,,,,,,,,
,,,,,,,,,,,,,
,,,,,,,,,,,,,
,,,,,,,,,,,,,
,,,,,,,,,,,,,
,,,,,,,,,,,,,
,,,,,,,,,,,,,
,,,,,,,,,,,,,
,,,,,,,,,,,,,
,,,,,,,,,,,,,
,,,,,,,,,,,,,
,,,,,,,,,,,,,
,,,,,,,,,,,,,
,,,,,,,,,,,,,
,,,,,,,,,,,,,
,,,,,,,,,,,,,
,,,,,,,,,,,,,
,,,,,,,,,,,,,
,,,,,,,,,,,,,
,,,,,,,,,,,,,
,,,,,,,,,,,,,
,,,,,,,,,,,,,
,,,,,,,,,,,,,
,,,,,,,,,,,,,
,,,,,,,,,,,,,
,,,,,,,,,,,,,
,,,,,,,,,,,,,
,,,,,,,,,,,,,
,,,,,,,,,,,,,
,,,,,,,,,,,,,
,,,,,,,,,,,,,
,,,,,,,,,,,,,
,,,,,,,,,,,,,
,,,,,,,,,,,,,
,,,,,,,,,,,,,
,,,,,,,,,,,,,
,,,,,,,,,,,,,
,,,,,,,,,,,,,
,,,,,,,,,,,,,
,,,,,,,,,,,,,
,,,,,,,,,,,,,
,,,,,,,,,,,,,
,,,,,,,,,,,,,
,,,,,,,,,,,,,
,,,,,,,,,,,,,
,,,,,,,,,,,,,
,,,,,,,,,,,,,
,,,,,,,,,,,,,
,,,,,,,,,,,,,
,,,,,,,,,,,,,
,,,,,,,,,,,,,
,,,,,,,,,,,,,
,,,,,,,,,,,,,
,,,,,,,,,,,,,
,,,,,,,,,,,,,
,,,,,,,,,,,,,
,,,,,,,,,,,,,
,,,,,,,,,,,,,
,,,,,,,,,,,,,
,,,,,,,,,,,,,
,,,,,,,,,,,,,
,,,,,,,,,,,,,
,,,,,,,,,,,,,
,,,,,,,,,,,,,
,,,,,,,,,,,,,
,,,,,,,,,,,,,
,,,,,,,,,,,,,
,,,,,,,,,,,,,
,,,,,,,,,,,,,
,,,,,,,,,,,,,
,,,,,,,,,,,,,
,,,,,,,,,,,,,
,,,,,,,,,,,,,
,,,,,,,,,,,,,
,,,,,,,,,,,,,
,,,,,,,,,,,,,
,,,,,,,,,,,,,
,,,,,,,,,,,,,
,,,,,,,,,,,,,
,,,,,,,,,,,,,
,,,,,,,,,,,,,
,,,,,,,,,,,,,
,,,,,,,,,,,,,
,,,,,,,,,,,,,
,,,,,,,,,,,,,
,,,,,,,,,,,,,
,,,,,,,,,,,,,
,,,,,,,,,,,,,
,,,,,,,,,,,,,
,,,,,,,,,,,,,
,,,,,,,,,,,,,
,,,,,,,,,,,,,
,,,,,,,,,,,,,
,,,,,,,,,,,,,
,,,,,,,,,,,,,
,,,,,,,,,,,,,
,,,,,,,,,,,,,
,,,,,,,,,,,,,
,,,,,,,,,,,,,
,,,,,,,,,,,,,
,,,,,,,,,,,,,
,,,,,,,,,,,,,
,,,,,,,,,,,,,
,,,,,,,,,,,,,
,,,,,,,,,,,,,
,,,,,,,,,,,,,
,,,,,,,,,,,,,
,,,,,,,,,,,,,
,,,,,,,,,,,,,
,,,,,,,,,,,,,
,,,,,,,,,,,,,
,,,,,,,,,,,,,
,,,,,,,,,,,,,
,,,,,,,,,,,,,
,,,,,,,,,,,,,
,,,,,,,,,,,,,
,,,,,,,,,,,,,
,,,,,,,,,,,,,
,,,,,,,,,,,,,
,,,,,,,,,,,,,
,,,,,,,,,,,,,
,,,,,,,,,,,,,
,,,,,,,,,,,,,
,,,,,,,,,,,,,
,,,,,,,,,,,,,
,,,,,,,,,,,,,
,,,,,,,,,,,,,
,,,,,,,,,,,,,
,,,,,,,,,,,,,
,,,,,,,,,,,,,
,,,,,,,,,,,,,
,,,,,,,,,,,,,
,,,,,,,,,,,,,
,,,,,,,,,,,,,
,,,,,,,,,,,,,
,,,,,,,,,,,,,
,,,,,,,,,,,,,
,,,,,,,,,,,,,
,,,,,,,,,,,,,
,,,,,,,,,,,,,
,,,,,,,,,,,,,
,,,,,,,,,,,,,
,,,,,,,,,,,,,
,,,,,,,,,,,,,
,,,,,,,,,,,,,
,,,,,,,,,,,,,
,,,,,,,,,,,,,
,,,,,,,,,,,,,
,,,,,,,,,,,,,
,,,,,,,,,,,,,
,,,,,,,,,,,,,
,,,,,,,,,,,,,
,,,,,,,,,,,,,
,,,,,,,,,,,,,
,,,,,,,,,,,,,
,,,,,,,,,,,,,
,,,,,,,,,,,,,
,,,,,,,,,,,,,
,,,,,,,,,,,,,
,,,,,,,,,,,,,
,,,,,,,,,,,,,
,,,,,,,,,,,,,
,,,,,,,,,,,,,
,,,,,,,,,,,,,
,,,,,,,,,,,,,
,,,,,,,,,,,,,
,,,,,,,,,,,,,
,,,,,,,,,,,,,
,,,,,,,,,,,,,
,,,,,,,,,,,,,
,,,,,,,,,,,,,
,,,,,,,,,,,,,
,,,,,,,,,,,,,
,,,,,,,,,,,,,
,,,,,,,,,,,,,
,,,,,,,,,,,,,
,,,,,,,,,,,,,
,,,,,,,,,,,,,
,,,,,,,,,,,,,
,,,,,,,,,,,,,
,,,,,,,,,,,,,
,,,,,,,,,,,,,
,,,,,,,,,,,,,
,,,,,,,,,,,,,
,,,,,,,,,,,,,
,,,,,,,,,,,,,
,,,,,,,,,,,,,
,,,,,,,,,,,,,
,,,,,,,,,,,,,
,,,,,,,,,,,,,
,,,,,,,,,,,,,
,,,,,,,,,,,,,
,,,,,,,,,,,,,
,,,,,,,,,,,,,
,,,,,,,,,,,,,
,,,,,,,,,,,,,
,,,,,,,,,,,,,
,,,,,,,,,,,,,
,,,,,,,,,,,,,
,,,,,,,,,,,,,
,,,,,,,,,,,,,
,,,,,,,,,,,,,
,,,,,,,,,,,,,
,,,,,,,,,,,,,
,,,,,,,,,,,,,
,,,,,,,,,,,,,
,,,,,,,,,,,,,
,,,,,,,,,,,,,
,,,,,,,,,,,,,
,,,,,,,,,,,,,
,,,,,,,,,,,,,
,,,,,,,,,,,,,
,,,,,,,,,,,,,
,,,,,,,,,,,,,
,,,,,,,,,,,,,
,,,,,,,,,,,,,
,,,,,,,,,,,,,
,,,,,,,,,,,,,
,,,,,,,,,,,,,
,,,,,,,,,,,,,
,,,,,,,,,,,,,
,,,,,,,,,,,,,
,,,,,,,,,,,,,
,,,,,,,,,,,,,
,,,,,,,,,,,,,
,,,,,,,,,,,,,
,,,,,,,,,,,,,
,,,,,,,,,,,,,
,,,,,,,,,,,,,
,,,,,,,,,,,,,
,,,,,,,,,,,,,
,,,,,,,,,,,,,
,,,,,,,,,,,,,
,,,,,,,,,,,,,
,,,,,,,,,,,,,
,,,,,,,,,,,,,
,,,,,,,,,,,,,
,,,,,,,,,,,,,
,,,,,,,,,,,,,
,,,,,,,,,,,,,
,,,,,,,,,,,,,
,,,,,,,,,,,,,
,,,,,,,,,,,,,
,,,,,,,,,,,,,
,,,,,,,,,,,,,
,,,,,,,,,,,,,
,,,,,,,,,,,,,
,,,,,,,,,,,,,
,,,,,,,,,,,,,
,,,,,,,,,,,,,
,,,,,,,,,,,,,
,,,,,,,,,,,,,
,,,,,,,,,,,,,
,,,,,,,,,,,,,
,,,,,,,,,,,,,
,,,,,,,,,,,,,
,,,,,,,,,,,,,
,,,,,,,,,,,,,
,,,,,,,,,,,,,
,,,,,,,,,,,,,
,,,,,,,,,,,,,
,,,,,,,,,,,,,
,,,,,,,,,,,,,
,,,,,,,,,,,,,
,,,,,,,,,,,,,
,,,,,,,,,,,,,
,,,,,,,,,,,,,
,,,,,,,,,,,,,
,,,,,,,,,,,,,
,,,,,,,,,,,,,
,,,,,,,,,,,,,
,,,,,,,,,,,,,
,,,,,,,,,,,,,
,,,,,,,,,,,,,
,,,,,,,,,,,,,
,,,,,,,,,,,,,
,,,,,,,,,,,,,
,,,,,,,,,,,,,
,,,,,,,,,,,,,
,,,,,,,,,,,,,
,,,,,,,,,,,,,
,,,,,,,,,,,,,
,,,,,,,,,,,,,
,,,,,,,,,,,,,
,,,,,,,,,,,,,
,,,,,,,,,,,,,
,,,,,,,,,,,,,
,,,,,,,,,,,,,
,,,,,,,,,,,,,
,,,,,,,,,,,,,
,,,,,,,,,,,,,
,,,,,,,,,,,,,
,,,,,,,,,,,,,
,,,,,,,,,,,,,
,,,,,,,,,,,,,
,,,,,,,,,,,,,
,,,,,,,,,,,,,
,,,,,,,,,,,,,
,,,,,,,,,,,,,
,,,,,,,,,,,,,
,,,,,,,,,,,,,
,,,,,,,,,,,,,
,,,,,,,,,,,,,
,,,,,,,,,,,,,
,,,,,,,,,,,,,
,,,,,,,,,,,,,
,,,,,,,,,,,,,
,,,,,,,,,,,,,
,,,,,,,,,,,,,
,,,,,,,,,,,,,
,,,,,,,,,,,,,
,,,,,,,,,,,,,
,,,,,,,,,,,,,
,,,,,,,,,,,,,
,,,,,,,,,,,,,
,,,,,,,,,,,,,
,,,,,,,,,,,,,
,,,,,,,,,,,,,
,,,,,,,,,,,,,
,,,,,,,,,,,,,
,,,,,,,,,,,,,
,,,,,,,,,,,,,
,,,,,,,,,,,,,
,,,,,,,,,,,,,
,,,,,,,,,,,,,
,,,,,,,,,,,,,
,,,,,,,,,,,,,
,,,,,,,,,,,,,
,,,,,,,,,,,,,
,,,,,,,,,,,,,
,,,,,,,,,,,,,
,,,,,,,,,,,,,
,,,,,,,,,,,,,
,,,,,,,,,,,,,
,,,,,,,,,,,,,
,,,,,,,,,,,,,
,,,,,,,,,,,,,
,,,,,,,,,,,,,
,,,,,,,,,,,,,
,,,,,,,,,,,,,
,,,,,,,,,,,,,
,,,,,,,,,,,,,
,,,,,,,,,,,,,
,,,,,,,,,,,,,
,,,,,,,,,,,,,
,,,,,,,,,,,,,
,,,,,,,,,,,,,
,,,,,,,,,,,,,
,,,,,,,,,,,,,
,,,,,,,,,,,,,
,,,,,,,,,,,,,
,,,,,,,,,,,,,
,,,,,,,,,,,,,
,,,,,,,,,,,,,
,,,,,,,,,,,,,
,,,,,,,,,,,,,
,,,,,,,,,,,,,
,,,,,,,,,,,,,
,,,,,,,,,,,,,
,,,,,,,,,,,,,
,,,,,,,,,,,,,
,,,,,,,,,,,,,
,,,,,,,,,,,,,
,,,,,,,,,,,,,
,,,,,,,,,,,,,
,,,,,,,,,,,,,
,,,,,,,,,,,,,
,,,,,,,,,,,,,
,,,,,,,,,,,,,
,,,,,,,,,,,,,
,,,,,,,,,,,,,
,,,,,,,,,,,,,
,,,,,,,,,,,,,
,,,,,,,,,,,,,
,,,,,,,,,,,,,
,,,,,,,,,,,,,
,,,,,,,,,,,,,
,,,,,,,,,,,,,
,,,,,,,,,,,,,
,,,,,,,,,,,,,
,,,,,,,,,,,,,
,,,,,,,,,,,,,
,,,,,,,,,,,,,
,,,,,,,,,,,,,
,,,,,,,,,,,,,
,,,,,,,,,,,,,
,,,,,,,,,,,,,
,,,,,,,,,,,,,
,,,,,,,,,,,,,
,,,,,,,,,,,,,
,,,,,,,,,,,,,
,,,,,,,,,,,,,
,,,,,,,,,,,,,
,,,,,,,,,,,,,
,,,,,,,,,,,,,
,,,,,,,,,,,,,
,,,,,,,,,,,,,
,,,,,,,,,,,,,
,,,,,,,,,,,,,
,,,,,,,,,,,,,
,,,,,,,,,,,,,
,,,,,,,,,,,,,
,,,,,,,,,,,,,
,,,,,,,,,,,,,
,,,,,,,,,,,,,
,,,,,,,,,,,,,
,,,,,,,,,,,,,
,,,,,,,,,,,,,
,,,,,,,,,,,,,
,,,,,,,,,,,,,
,,,,,,,,,,,,,
,,,,,,,,,,,,,
,,,,,,,,,,,,,
,,,,,,,,,,,,,
,,,,,,,,,,,,,
,,,,,,,,,,,,,
,,,,,,,,,,,,,
,,,,,,,,,,,,,
,,,,,,,,,,,,,
,,,,,,,,,,,,,
,,,,,,,,,,,,,
,,,,,,,,,,,,,
,,,,,,,,,,,,,
,,,,,,,,,,,,,
,,,,,,,,,,,,,
,,,,,,,,,,,,,
,,,,,,,,,,,,,
,,,,,,,,,,,,,
,,,,,,,,,,,,,
,,,,,,,,,,,,,
,,,,,,,,,,,,,
,,,,,,,,,,,,,
,,,,,,,,,,,,,
,,,,,,,,,,,,,
,,,,,,,,,,,,,
,,,,,,,,,,,,,
,,,,,,,,,,,,,
,,,,,,,,,,,,,
,,,,,,,,,,,,,
,,,,,,,,,,,,,
,,,,,,,,,,,,,
,,,,,,,,,,,,,
,,,,,,,,,,,,,
,,,,,,,,,,,,,
,,,,,,,,,,,,,
,,,,,,,,,,,,,
,,,,,,,,,,,,,
,,,,,,,,,,,,,
,,,,,,,,,,,,,
,,,,,,,,,,,,,
,,,,,,,,,,,,,
,,,,,,,,,,,,,
,,,,,,,,,,,,,
,,,,,,,,,,,,,
,,,,,,,,,,,,,
,,,,,,,,,,,,,
,,,,,,,,,,,,,
,,,,,,,,,,,,,
,,,,,,,,,,,,,
,,,,,,,,,,,,,
,,,,,,,,,,,,,
,,,,,,,,,,,,,
,,,,,,,,,,,,,
,,,,,,,,,,,,,
,,,,,,,,,,,,,
,,,,,,,,,,,,,
,,,,,,,,,,,,,
,,,,,,,,,,,,,
,,,,,,,,,,,,,
,,,,,,,,,,,,,
,,,,,,,,,,,,,
,,,,,,,,,,,,,
,,,,,,,,,,,,,
,,,,,,,,,,,,,
,,,,,,,,,,,,,
,,,,,,,,,,,,,
,,,,,,,,,,,,,
,,,,,,,,,,,,,
,,,,,,,,,,,,,
,,,,,,,,,,,,,
,,,,,,,,,,,,,
,,,,,,,,,,,,,
,,,,,,,,,,,,,
,,,,,,,,,,,,,
,,,,,,,,,,,,,
,,,,,,,,,,,,,
,,,,,,,,,,,,,
,,,,,,,,,,,,,
,,,,,,,,,,,,,
,,,,,,,,,,,,,
,,,,,,,,,,,,,
,,,,,,,,,,,,,
,,,,,,,,,,,,,
,,,,,,,,,,,,,
,,,,,,,,,,,,,
,,,,,,,,,,,,,
,,,,,,,,,,,,,
,,,,,,,,,,,,,
,,,,,,,,,,,,,
,,,,,,,,,,,,,
,,,,,,,,,,,,,
,,,,,,,,,,,,,
,,,,,,,,,,,,,
,,,,,,,,,,,,,
,,,,,,,,,,,,,
,,,,,,,,,,,,,
,,,,,,,,,,,,,
,,,,,,,,,,,,,
,,,,,,,,,,,,,
,,,,,,,,,,,,,
,,,,,,,,,,,,,
,,,,,,,,,,,,,
,,,,,,,,,,,,,
,,,,,,,,,,,,,
,,,,,,,,,,,,,
,,,,,,,,,,,,,
,,,,,,,,,,,,,
,,,,,,,,,,,,,
,,,,,,,,,,,,,
,,,,,,,,,,,,,
,,,,,,,,,,,,,
,,,,,,,,,,,,,
,,,,,,,,,,,,,
,,,,,,,,,,,,,
,,,,,,,,,,,,,
,,,,,,,,,,,,,
,,,,,,,,,,,,,
,,,,,,,,,,,,,
,,,,,,,,,,,,,
,,,,,,,,,,,,,
,,,,,,,,,,,,,
,,,,,,,,,,,,,
,,,,,,,,,,,,,
,,,,,,,,,,,,,
,,,,,,,,,,,,,
,,,,,,,,,,,,,
,,,,,,,,,,,,,
,,,,,,,,,,,,,
,,,,,,,,,,,,,
,,,,,,,,,,,,,
,,,,,,,,,,,,,
,,,,,,,,,,,,,
,,,,,,,,,,,,,
,,,,,,,,,,,,,
,,,,,,,,,,,,,
,,,,,,,,,,,,,
,,,,,,,,,,,,,
,,,,,,,,,,,,,
,,,,,,,,,,,,,
,,,,,,,,,,,,,
,,,,,,,,,,,,,
,,,,,,,,,,,,,
,,,,,,,,,,,,,
,,,,,,,,,,,,,
,,,,,,,,,,,,,
,,,,,,,,,,,,,
,,,,,,,,,,,,,
,,,,,,,,,,,,,
,,,,,,,,,,,,,
,,,,,,,,,,,,,
,,,,,,,,,,,,,
,,,,,,,,,,,,,
,,,,,,,,,,,,,
,,,,,,,,,,,,,
,,,,,,,,,,,,,
,,,,,,,,,,,,,
,,,,,,,,,,,,,
,,,,,,,,,,,,,
,,,,,,,,,,,,,
,,,,,,,,,,,,,
,,,,,,,,,,,,,
,,,,,,,,,,,,,
,,,,,,,,,,,,,
,,,,,,,,,,,,,
,,,,,,,,,,,,,
,,,,,,,,,,,,,
,,,,,,,,,,,,,
,,,,,,,,,,,,,
,,,,,,,,,,,,,
,,,,,,,,,,,,,
,,,,,,,,,,,,,
,,,,,,,,,,,,,
,,,,,,,,,,,,,
,,,,,,,,,,,,,
,,,,,,,,,,,,,
,,,,,,,,,,,,,
,,,,,,,,,,,,,
,,,,,,,,,,,,,
,,,,,,,,,,,,,
,,,,,,,,,,,,,
,,,,,,,,,,,,,
,,,,,,,,,,,,,
,,,,,,,,,,,,,
,,,,,,,,,,,,,
,,,,,,,,,,,,,
,,,,,,,,,,,,,
,,,,,,,,,,,,,
,,,,,,,,,,,,,
,,,,,,,,,,,,,
,,,,,,,,,,,,,
,,,,,,,,,,,,,
,,,,,,,,,,,,,
,,,,,,,,,,,,,
,,,,,,,,,,,,,
,,,,,,,,,,,,,
,,,,,,,,,,,,,
,,,,,,,,,,,,,
,,,,,,,,,,,,,
,,,,,,,,,,,,,
,,,,,,,,,,,,,
,,,,,,,,,,,,,
,,,,,,,,,,,,,
,,,,,,,,,,,,,
,,,,,,,,,,,,,
,,,,,,,,,,,,,
,,,,,,,,,,,,,
,,,,,,,,,,,,,
,,,,,,,,,,,,,
,,,,,,,,,,,,,
,,,,,,,,,,,,,
,,,,,,,,,,,,,
,,,,,,,,,,,,,
,,,,,,,,,,,,,
,,,,,,,,,,,,,
,,,,,,,,,,,,,
,,,,,,,,,,,,,
,,,,,,,,,,,,,
,,,,,,,,,,,,,
,,,,,,,,,,,,,
,,,,,,,,,,,,,
,,,,,,,,,,,,,
,,,,,,,,,,,,,
,,,,,,,,,,,,,
,,,,,,,,,,,,,
,,,,,,,,,,,,,
,,,,,,,,,,,,,
,,,,,,,,,,,,,
,,,,,,,,,,,,,
,,,,,,,,,,,,,
,,,,,,,,,,,,,
,,,,,,,,,,,,,
,,,,,,,,,,,,,
,,,,,,,,,,,,,
,,,,,,,,,,,,,
,,,,,,,,,,,,,
,,,,,,,,,,,,,
,,,,,,,,,,,,,
,,,,,,,,,,,,,
,,,,,,,,,,,,,
,,,,,,,,,,,,,
,,,,,,,,,,,,,
,,,,,,,,,,,,,
,,,,,,,,,,,,,
,,,,,,,,,,,,,
,,,,,,,,,,,,,
,,,,,,,,,,,,,
,,,,,,,,,,,,,
,,,,,,,,,,,,,
,,,,,,,,,,,,,
,,,,,,,,,,,,,
,,,,,,,,,,,,,
,,,,,,,,,,,,,
,,,,,,,,,,,,,
,,,,,,,,,,,,,
,,,,,,,,,,,,,
,,,,,,,,,,,,,
,,,,,,,,,,,,,
,,,,,,,,,,,,,
,,,,,,,,,,,,,
,,,,,,,,,,,,,
,,,,,,,,,,,,,
,,,,,,,,,,,,,
,,,,,,,,,,,,,
,,,,,,,,,,,,,
,,,,,,,,,,,,,
,,,,,,,,,,,,,
,,,,,,,,,,,,,
,,,,,,,,,,,,,
,,,,,,,,,,,,,
,,,,,,,,,,,,,
,,,,,,,,,,,,,
,,,,,,,,,,,,,
,,,,,,,,,,,,,
,,,,,,,,,,,,,
,,,,,,,,,,,,,
,,,,,,,,,,,,,
,,,,,,,,,,,,,
,,,,,,,,,,,,,
,,,,,,,,,,,,,
,,,,,,,,,,,,,
,,,,,,,,,,,,,
,,,,,,,,,,,,,
,,,,,,,,,,,,,
,,,,,,,,,,,,,
,,,,,,,,,,,,,
,,,,,,,,,,,,,
,,,,,,,,,,,,,
,,,,,,,,,,,,,
,,,,,,,,,,,,,
,,,,,,,,,,,,,
,,,,,,,,,,,,,
,,,,,,,,,,,,,
,,,,,,,,,,,,,
,,,,,,,,,,,,,
,,,,,,,,,,,,,
,,,,,,,,,,,,,
,,,,,,,,,,,,,
,,,,,,,,,,,,,
,,,,,,,,,,,,,
,,,,,,,,,,,,,
,,,,,,,,,,,,,
,,,,,,,,,,,,,
,,,,,,,,,,,,,
,,,,,,,,,,,,,
,,,,,,,,,,,,,
,,,,,,,,,,,,,
,,,,,,,,,,,,,
,,,,,,,,,,,,,
,,,,,,,,,,,,,
,,,,,,,,,,,,,
,,,,,,,,,,,,,
,,,,,,,,,,,,,
,,,,,,,,,,,,,
,,,,,,,,,,,,,
,,,,,,,,,,,,,
,,,,,,,,,,,,,
,,,,,,,,,,,,,
,,,,,,,,,,,,,
,,,,,,,,,,,,,
,,,,,,,,,,,,,
,,,,,,,,,,,,,
,,,,,,,,,,,,,
,,,,,,,,,,,,,
,,,,,,,,,,,,,
,,,,,,,,,,,,,
,,,,,,,,,,,,,
,,,,,,,,,,,,,
,,,,,,,,,,,,,
,,,,,,,,,,,,,
,,,,,,,,,,,,,
,,,,,,,,,,,,,
,,,,,,,,,,,,,
,,,,,,,,,,,,,
,,,,,,,,,,,,,
,,,,,,,,,,,,,
,,,,,,,,,,,,,
,,,,,,,,,,,,,
,,,,,,,,,,,,,
,,,,,,,,,,,,,
,,,,,,,,,,,,,
,,,,,,,,,,,,,
,,,,,,,,,,,,,
,,,,,,,,,,,,,
,,,,,,,,,,,,,
,,,,,,,,,,,,,
,,,,,,,,,,,,,
,,,,,,,,,,,,,
,,,,,,,,,,,,,
,,,,,,,,,,,,,
,,,,,,,,,,,,,
,,,,,,,,,,,,,
,,,,,,,,,,,,,
,,,,,,,,,,,,,
,,,,,,,,,,,,,
,,,,,,,,,,,,,
,,,,,,,,,,,,,
,,,,,,,,,,,,,
,,,,,,,,,,,,,
,,,,,,,,,,,,,
,,,,,,,,,,,,,
,,,,,,,,,,,,,
,,,,,,,,,,,,,
,,,,,,,,,,,,,
,,,,,,,,,,,,,
,,,,,,,,,,,,,
,,,,,,,,,,,,,
,,,,,,,,,,,,,
,,,,,,,,,,,,,
,,,,,,,,,,,,,
,,,,,,,,,,,,,
,,,,,,,,,,,,,
,,,,,,,,,,,,,
,,,,,,,,,,,,,
,,,,,,,,,,,,,
,,,,,,,,,,,,,
,,,,,,,,,,,,,
,,,,,,,,,,,,,
,,,,,,,,,,,,,
,,,,,,,,,,,,,
,,,,,,,,,,,,,
,,,,,,,,,,,,,
,,,,,,,,,,,,,
,,,,,,,,,,,,,
,,,,,,,,,,,,,
,,,,,,,,,,,,,
,,,,,,,,,,,,,
,,,,,,,,,,,,,
,,,,,,,,,,,,,
,,,,,,,,,,,,,
,,,,,,,,,,,,,
,,,,,,,,,,,,,
,,,,,,,,,,,,,
,,,,,,,,,,,,,
,,,,,,,,,,,,,
,,,,,,,,,,,,,
,,,,,,,,,,,,,
,,,,,,,,,,,,,
,,,,,,,,,,,,,
,,,,,,,,,,,,,
,,,,,,,,,,,,,
,,,,,,,,,,,,,
,,,,,,,,,,,,,
,,,,,,,,,,,,,
,,,,,,,,,,,,,
,,,,,,,,,,,,,
,,,,,,,,,,,,,
,,,,,,,,,,,,,
,,,,,,,,,,,,,
,,,,,,,,,,,,,
,,,,,,,,,,,,,
,,,,,,,,,,,,,
,,,,,,,,,,,,,
,,,,,,,,,,,,,
,,,,,,,,,,,,,
,,,,,,,,,,,,,
,,,,,,,,,,,,,
,,,,,,,,,,,,,
,,,,,,,,,,,,,
,,,,,,,,,,,,,
,,,,,,,,,,,,,
,,,,,,,,,,,,,
,,,,,,,,,,,,,
,,,,,,,,,,,,,
,,,,,,,,,,,,,
,,,,,,,,,,,,,
,,,,,,,,,,,,,
,,,,,,,,,,,,,
,,,,,,,,,,,,,
,,,,,,,,,,,,,
,,,,,,,,,,,,,
,,,,,,,,,,,,,
,,,,,,,,,,,,,
,,,,,,,,,,,,,
,,,,,,,,,,,,,
,,,,,,,,,,,,,
,,,,,,,,,,,,,
,,,,,,,,,,,,,
,,,,,,,,,,,,,
,,,,,,,,,,,,,
,,,,,,,,,,,,,
,,,,,,,,,,,,,
,,,,,,,,,,,,,
,,,,,,,,,,,,,
,,,,,,,,,,,,,
,,,,,,,,,,,,,
,,,,,,,,,,,,,
,,,,,,,,,,,,,
,,,,,,,,,,,,,
,,,,,,,,,,,,,
,,,,,,,,,,,,,
,,,,,,,,,,,,,
,,,,,,,,,,,,,
,,,,,,,,,,,,,
,,,,,,,,,,,,,
,,,,,,,,,,,,,
,,,,,,,,,,,,,
,,,,,,,,,,,,,
,,,,,,,,,,,,,
,,,,,,,,,,,,,
,,,,,,,,,,,,,
,,,,,,,,,,,,,
,,,,,,,,,,,,,
,,,,,,,,,,,,,
,,,,,,,,,,,,,
,,,,,,,,,,,,,
,,,,,,,,,,,,,
,,,,,,,,,,,,,
,,,,,,,,,,,,,
,,,,,,,,,,,,,
,,,,,,,,,,,,,
,,,,,,,,,,,,,
,,,,,,,,,,,,,
,,,,,,,,,,,,,
,,,,,,,,,,,,,
,,,,,,,,,,,,,
,,,,,,,,,,,,,
,,,,,,,,,,,,,
,,,,,,,,,,,,,
,,,,,,,,,,,,,
,,,,,,,,,,,,,
,,,,,,,,,,,,,
,,,,,,,,,,,,,
,,,,,,,,,,,,,
,,,,,,,,,,,,,
,,,,,,,,,,,,,
,,,,,,,,,,,,,
,,,,,,,,,,,,,
,,,,,,,,,,,,,
,,,,,,,,,,,,,
,,,,,,,,,,,,,
,,,,,,,,,,,,,1
,,,,,,,,,,,,,1
,,,,,,,,,,,,,1
,,,,,,,,,,,,,1
,,,,,,,,,,,,,1
,,,,,,,,,,,,,1
,,,,,,,,,,,,,1
,,,,,,,,,,,,,1
,,,,,,,,,,,,,1
,,,,,,,,,,,,,1
,,,,,,,,,,,,,1
,,,,,,,,,,,,,1
,,,,,,,,,,,,,1
,,,,,,,,,,,,,1
,,,,,,,,,,,,,1
,,,,,,,,,,,,,1
,,,,,,,,,,,,,1
,,,,,,,,,,,,,1
,,,,,,,,,,,,,1
,,,,,,,,,,,,,1
,,,,,,,,,,,,,1
,,,,,,,,,,,,,1
,,,,,,,,,,,,,1
,,,,,,,,,,,,,1
,,,,,,,,,,,,,1
,,,,,,,,,,,,,1
,,,,,,,,,,,,,1
,,,,,,,,,,,,,1
,,,,,,,,,,,,,1
,,,,,,,,,,,,,1
,,,,,,,,,,,,,
,,,,,,,,,,,,,
,,,,,,,,,,,,,
,,,,,,,,,,,,,
,,,,,,,,,,,,,
,,,,,,,,,,,,,
,,,,,,,,,,,,,
,,,,,,,,,,,,,
,,,,,,,,,,,,,
,,,,,,,,,,,,,
,,,,,,,,,,,,,
,,,,,,,,,,,,,
,,,,,,,,,,,,,
,,,,,,,,,,,,,
,,,,,,,,,,,,,
,,,,,,,,,,,,,
,,,,,,,,,,,,,
,,,,,,,,,,,,,
,,,,,,,,,,,,,
,,,,,,,,,,,,,
,,,,,,,,,,,,,
,,,,,,,,,,,,,
,,,,,,,,,,,,,
,,,,,,,,,,,,,
,,,,,,,,,,,,,
,,,,,,,,,,,,,
,,,,,,,,,,,,,
,,,,,,,,,,,,,
,,,,,,,,,,,,,
,,,,,,,,,,,,,
,,,,,,,,,,,,,
,,,,,,,,,,,,,
,,,,,,,,,,,,,
,,,,,,,,,,,,,
,,,,,,,,,,,,,
,,,,,,,,,,,,,
,,,,,,,,,,,,,
,,,,,,,,,,,,,
,,,,,,,,,,,,,
,,,,,,,,,,,,,
,,,,,,,,,,,,,
,,,,,,,,,,,,,
,,,,,,,,,,,,,
,,,,,,,,,,,,,
,,,,,,,,,,,,,
,,,,,,,,,,,,,
,,,,,,,,,,,,,
,,,,,,,,,,,,,
,,,,,,,,,,,,,
,,,,,,,,,,,,,
,,,,,,,,,,,,,
,,,,,,,,,,,,,
,,,,,,,,,,,,,
,,,,,,,,,,,,,
,,,,,,,,,,,,,
,,,,,,,,,,,,,
,,,,,,,,,,,,,
,,,,,,,,,,,,,
,,,,,,,,,,,,,
,,,,,,,,,,,,,
,,,,,,,,,,,,,
,,,,,,,,,,,,,
,,,,,,,,,,,,,
,,,,,,,,,,,,,
,,,,,,,,,,,,,
,,,,,,,,,,,,,
,,,,,,,,,,,,,
,,,,,,,,,,,,,
,,,,,,,,,,,,,
,,,,,,,,,,,,,
,,,,,,,,,,,,,
,,,,,,,,,,,,,
,,,,,,,,,,,,,
,,,,,,,,,,,,,
,,,,,,,,,,,,,
,,,,,,,,,,,,,
,,,,,,,,,,,,,
,,,,,,,,,,,,,
,,,,,,,,,,,,,
,,,,,,,,,,,,,
,,,,,,,,,,,,,
,,,,,,,,,,,,,
,,,,,,,,,,,,,
,,,,,,,,,,,,,
,,,,,,,,,,,,,
,,,,,,,,,,,,,
,,,,,,,,,,,,,
,,,,,,,,,,,,,
,,,,,,,,,,,,,
,,,,,,,,,,,,,
,,,,,,,,,,,,,
,,,,,,,,,,,,,
,,,,,,,,,,,,,
,,,,,,,,,,,,,
,,,,,,,,,,,,,
,,,,,,,,,,,,,
,,,,,,,,,,,,,
,,,,,,,,,,,,,
,,,,,,,,,,,,,
,,,,,,,,,,,,,
,,,,,,,,,,,,,
,,,,,,,,,,,,,
,,,,,,,,,,,,,
,,,,,,,,,,,,,
,,,,,,,,,,,,,
,,,,,,,,,,,,,
,,,,,,,,,,,,,
,,,,,,,,,,,,,
,,,,,,,,,,,,,
,,,,,,,,,,,,,
,,,,,,,,,,,,,
,,,,,,,,,,,,,
,,,,,,,,,,,,,
,,,,,,,,,,,,,
,,,,,,,,,,,,,
,,,,,,,,,,,,,
,,,,,,,,,,,,,
,,,,,,,,,,,,,
,,,,,,,,,,,,,
,,,,,,,,,,,,,
,,,,,,,,,,,,,1
,,,,,,,,,,,,,1
,,,,,,,,,,,,,1
,,,,,,,,,,,,,1
,,,,,,,,,,,,,1
,,,,,,,,,,,,,1
,,,,,,,,,,,,,1
,,,,,,,,,,,,,1
,,,,,,,,,,,,,1
,,,,,,,,,,,,,1
,,,,,,,,,,,,,1
,,,,,,,,,,,,,1
,,,,,,,,,,,,,1
,,,,,,,,,,,,,1
,,,,,,,,,,,,,1
,,,,,,,,,,,,,1
,,,,,,,,,,,,,1
,,,,,,,,,,,,,1
,,,,,,,,,,,,,1
,,,,,,,,,,,,,1
,,,,,,,,,,,,,1
,,,,,,,,,,,,,1
,,,,,,,,,,,,,1
,,,,,,,,,,,,,1
,,,,,,,,,,,,,1
,,,,,,,,,,,,,1
,,,,,,,,,,,,,1
,,,,,,,,,,,,,1
,,,,,,,,,,,,,1
,,,,,,,,,,,,,1
,,,,,,,,,,,,,
,,,,,,,,,,,,,
,,,,,,,,,,,,,
,,,,,,,,,,,,,
,,,,,,,,,,,,,
,,,,,,,,,,,,,
,,,,,,,,,,,,,
,,,,,,,,,,,,,
,,,,,,,,,,,,,
,,,,,,,,,,,,,
,,,,,,,,,,,,,
,,,,,,,,,,,,,
,,,,,,,,,,,,,
,,,,,,,,,,,,,
,,,,,,,,,,,,,
,,,,,,,,,,,,,
,,,,,,,,,,,,,
,,,,,,,,,,,,,
,,,,,,,,,,,,,
,,,,,,,,,,,,,
,,,,,,,,,,,,,
,,,,,,,,,,,,,
,,,,,,,,,,,,,
,,,,,,,,,,,,,
,,,,,,,,,,,,,
,,,,,,,,,,,,,
,,,,,,,,,,,,,
,,,,,,,,,,,,,
,,,,,,,,,,,,,
,,,,,,,,,,,,,
,,,,,,,,,,,,,
,,,,,,,,,,,,,
,,,,,,,,,,,,,
,,,,,,,,,,,,,
,,,,,,,,,,,,,
,,,,,,,,,,,,,
,,,,,,,,,,,,,
,,,,,,,,,,,,,
,,,,,,,,,,,,,
,,,,,,,,,,,,,
,,,,,,,,,,,,,
,,,,,,,,,,,,,
,,,,,,,,,,,,,
,,,,,,,,,,,,,
,,,,,,,,,,,,,
,,,,,,,,,,,,,
,,,,,,,,,,,,,
,,,,,,,,,,,,,
,,,,,,,,,,,,,
,,,,,,,,,,,,,
,,,,,,,,,,,,,
,,,,,,,,,,,,,
,,,,,,,,,,,,,
,,,,,,,,,,,,,
,,,,,,,,,,,,,
,,,,,,,,,,,,,
,,,,,,,,,,,,,
,,,,,,,,,,,,,
,,,,,,,,,,,,,
,,,,,,,,,,,,,
,,,,,,,,,,,,,
,,,,,,,,,,,,,
,,,,,,,,,,,,,
,,,,,,,,,,,,,
,,,,,,,,,,,,,
,,,,,,,,,,,,,
,,,,,,,,,,,,,
,,,,,,,,,,,,,
,,,,,,,,,,,,,
,,,,,,,,,,,,,
,,,,,,,,,,,,,
,,,,,,,,,,,,,
,,,,,,,,,,,,,
,,,,,,,,,,,,,
,,,,,,,,,,,,,
,,,,,,,,,,,,,
,,,,,,,,,,,,,
,,,,,,,,,,,,,
,,,,,,,,,,,,,
,,,,,,,,,,,,,
,,,,,,,,,,,,,
,,,,,,,,,,,,,
,,,,,,,,,,,,,
,,,,,,,,,,,,,
,,,,,,,,,,,,,
,,,,,,,,,,,,,
,,,,,,,,,,,,,
,,,,,,,,,,,,,
,,,,,,,,,,,,,
,,,,,,,,,,,,,
,,,,,,,,,,,,,
,,,,,,,,,,,,,
,,,,,,,,,,,,,
,,,,,,,,,,,,,
,,,,,,,,,,,,,
,,,,,,,,,,,,,
,,,,,,,,,,,,,
,,,,,,,,,,,,,
,,,,,,,,,,,,,
,,,,,,,,,,,,,
,,,,,,,,,,,,,
,,,,,,,,,,,,,
,,,,,,,,,,,,,
,,,,,,,,,,,,,
,,,,,,,,,,,,,
,,,,,,,,,,,,,
,,,,,,,,,,,,,
,,,,,,,,,,,,,
,,,,,,,,,,,,,
,,,,,,,,,,,,,
,,,,,,,,,,,,,
,,,,,,,,,,,,,
,,,,,,,,,,,,,
,,,,,,,,,,,,,
,,,,,,,,,,,,,
,,,,,,,,,,,,,
,,,,,,,,,,,,,
,,,,,,,,,,,,,
,,,,,,,,,,,,,
,,,,,,,,,,,,,
,,,,,,,,,,,,,1
,,,,,,,,,,,,,1
,,,,,,,,,,,,,1
,,,,,,,,,,,,,1
,,,,,,,,,,,,,1
,,,,,,,,,,,,,1
,,,,,,,,,,,,,1
,,,,,,,,,,,,,1
,,,,,,,,,,,,,1
,,,,,,,,,,,,,1
,,,,,,,,,,,,,1
,,,,,,,,,,,,,1
,,,,,,,,,,,,,1
,,,,,,,,,,,,,1
,,,,,,,,,,,,,1
,,,,,,,,,,,,,1
,,,,,,,,,,,,,1
,,,,,,,,,,,,,1
,,,,,,,,,,,,,1
,,,,,,,,,,,,,1
,,,,,,,,,,,,,1
,,,,,,,,,,,,,1
,,,,,,,,,,,,,1
,,,,,,,,,,,,,1
,,,,,,,,,,,,,1
,,,,,,,,,,,,,1
,,,,,,,,,,,,,1
,,,,,,,,,,,,,1
,,,,,,,,,,,,,1
,,,,,,,,,,,,,1
,,,,,,,,,,,,,
,,,,,,,,,,,,,
,,,,,,,,,,,,,
,,,,,,,,,,,,,
,,,,,,,,,,,,,
,,,,,,,,,,,,,
,,,,,,,,,,,,,
,,,,,,,,,,,,,
,,,,,,,,,,,,,
,,,,,,,,,,,,,
,,,,,,,,,,,,,
,,,,,,,,,,,,,
,,,,,,,,,,,,,
,,,,,,,,,,,,,
,,,,,,,,,,,,,
,,,,,,,,,,,,,
,,,,,,,,,,,,,
,,,,,,,,,,,,,
,,,,,,,,,,,,,
,,,,,,,,,,,,,
,,,,,,,,,,,,,
,,,,,,,,,,,,,
,,,,,,,,,,,,,
,,,,,,,,,,,,,
,,,,,,,,,,,,,
,,,,,,,,,,,,,
,,,,,,,,,,,,,
,,,,,,,,,,,,,
,,,,,,,,,,,,,
,,,,,,,,,,,,,
,,,,,,,,,,,,,
,,,,,,,,,,,,,
,,,,,,,,,,,,,
,,,,,,,,,,,,,
,,,,,,,,,,,,,
,,,,,,,,,,,,,
,,,,,,,,,,,,,
,,,,,,,,,,,,,
,,,,,,,,,,,,,
,,,,,,,,,,,,,
,,,,,,,,,,,,,
,,,,,,,,,,,,,
,,,,,,,,,,,,,
,,,,,,,,,,,,,
,,,,,,,,,,,,,
,,,,,,,,,,,,,
,,,,,,,,,,,,,
,,,,,,,,,,,,,
,,,,,,,,,,,,,
,,,,,,,,,,,,,
,,,,,,,,,,,,,
,,,,,,,,,,,,,
,,,,,,,,,,,,,
,,,,,,,,,,,,,
,,,,,,,,,,,,,
,,,,,,,,,,,,,
,,,,,,,,,,,,,
,,,,,,,,,,,,,
,,,,,,,,,,,,,
,,,,,,,,,,,,,
,,,,,,,,,,,,,
,,,,,,,,,,,,,
,,,,,,,,,,,,,
,,,,,,,,,,,,,
,,,,,,,,,,,,,
,,,,,,,,,,,,,
,,,,,,,,,,,,,
,,,,,,,,,,,,,
,,,,,,,,,,,,,
,,,,,,,,,,,,,
,,,,,,,,,,,,,
,,,,,,,,,,,,,
,,,,,,,,,,,,,
,,,,,,,,,,,,,
,,,,,,,,,,,,,
,,,,,,,,,,,,,
,,,,,,,,,,,,,
,,,,,,,,,,,,,
,,,,,,,,,,,,,
,,,,,,,,,,,,,
,,,,,,,,,,,,,
,,,,,,,,,,,,,
,,,,,,,,,,,,,
,,,,,,,,,,,,,
,,,,,,,,,,,,,
,,,,,,,,,,,,,
,,,,,,,,,,,,,
,,,,,,,,,,,,,
,,,,,,,,,,,,,
,,,,,,,,,,,,,
,,,,,,,,,,,,,
,,,,,,,,,,,,,
,,,,,,,,,,,,,
,,,,,,,,,,,,,
,,,,,,,,,,,,,
,,,,,,,,,,,,,
,,,,,,,,,,,,,
,,,,,,,,,,,,,
,,,,,,,,,,,,,
,,,,,,,,,,,,,
,,,,,,,,,,,,,
,,,,,,,,,,,,,
,,,,,,,,,,,,,
,,,,,,,,,,,,,
,,,,,,,,,,,,,
,,,,,,,,,,,,,
,,,,,,,,,,,,,
,,,,,,,,,,,,,
,,,,,,,,,,,,,
,,,,,,,,,,,,,
,,,,,,,,,,,,,
,,,,,,,,,,,,,
,,,,,,,,,,,,,
,,,,,,,,,,,,,
,,,,,,,,,,,,,
,,,,,,,,,,,,,
,,,,,,,,,,,,,
,,,,,,,,,,,,,
,,,,,,,,,,,,,
,,,,,,,,,,,,,
,,,,,,,,,,,,,1
,,,,,,,,,,,,,1
,,,,,,,,,,,,,1
,,,,,,,,,,,,,1
,,,,,,,,,,,,,1
,,,,,,,,,,,,,1
,,,,,,,,,,,,,1
,,,,,,,,,,,,,1
,,,,,,,,,,,,,1
,,,,,,,,,,,,,1
,,,,,,,,,,,,,1
,,,,,,,,,,,,,1
,,,,,,,,,,,,,1
,,,,,,,,,,,,,1
,,,,,,,,,,,,,1
,,,,,,,,,,,,,1
,,,,,,,,,,,,,1
,,,,,,,,,,,,,1
,,,,,,,,,,,,,1
,,,,,,,,,,,,,1
,,,,,,,,,,,,,1
,,,,,,,,,,,,,1
,,,,,,,,,,,,,1
,,,,,,,,,,,,,1
,,,,,,,,,,,,,1
,,,,,,,,,,,,,1
,,,,,,,,,,,,,1
,,,,,,,,,,,,,1
,,,,,,,,,,,,,1
,,,,,,,,,,,,,1
,,,,,,,,,,,,,
,,,,,,,,,,,,,
,,,,,,,,,,,,,
,,,,,,,,,,,,,
,,,,,,,,,,,,,
,,,,,,,,,,,,,
,,,,,,,,,,,,,
,,,,,,,,,,,,,
,,,,,,,,,,,,,
,,,,,,,,,,,,,
,,,,,,,,,,,,,
,,,,,,,,,,,,,
,,,,,,,,,,,,,
,,,,,,,,,,,,,
,,,,,,,,,,,,,
,,,,,,,,,,,,,
,,,,,,,,,,,,,
,,,,,,,,,,,,,
,,,,,,,,,,,,,
,,,,,,,,,,,,,
,,,,,,,,,,,,,
,,,,,,,,,,,,,
,,,,,,,,,,,,,
,,,,,,,,,,,,,
,,,,,,,,,,,,,
,,,,,,,,,,,,,
,,,,,,,,,,,,,
,,,,,,,,,,,,,
,,,,,,,,,,,,,
,,,,,,,,,,,,,
,,,,,,,,,,,,,
,,,,,,,,,,,,,
,,,,,,,,,,,,,
,,,,,,,,,,,,,
,,,,,,,,,,,,,
,,,,,,,,,,,,,
,,,,,,,,,,,,,
,,,,,,,,,,,,,
,,,,,,,,,,,,,
,,,,,,,,,,,,,
,,,,,,,,,,,,,
,,,,,,,,,,,,,
,,,,,,,,,,,,,
,,,,,,,,,,,,,
,,,,,,,,,,,,,
,,,,,,,,,,,,,
,,,,,,,,,,,,,
,,,,,,,,,,,,,
,,,,,,,,,,,,,
,,,,,,,,,,,,,
,,,,,,,,,,,,,
,,,,,,,,,,,,,
,,,,,,,,,,,,,
,,,,,,,,,,,,,
,,,,,,,,,,,,,
,,,,,,,,,,,,,
,,,,,,,,,,,,,
,,,,,,,,,,,,,
,,,,,,,,,,,,,
,,,,,,,,,,,,,
,,,,,,,,,,,,,
,,,,,,,,,,,,,
,,,,,,,,,,,,,
,,,,,,,,,,,,,
,,,,,,,,,,,,,
,,,,,,,,,,,,,
,,,,,,,,,,,,,
,,,,,,,,,,,,,
,,,,,,,,,,,,,
,,,,,,,,,,,,,
,,,,,,,,,,,,,
,,,,,,,,,,,,,
,,,,,,,,,,,,,
,,,,,,,,,,,,,
,,,,,,,,,,,,,
,,,,,,,,,,,,,
,,,,,,,,,,,,,
,,,,,,,,,,,,,
,,,,,,,,,,,,,
,,,,,,,,,,,,,
,,,,,,,,,,,,,
,,,,,,,,,,,,,
,,,,,,,,,,,,,
,,,,,,,,,,,,,
,,,,,,,,,,,,,
,,,,,,,,,,,,,
,,,,,,,,,,,,,
,,,,,,,,,,,,,
,,,,,,,,,,,,,
,,,,,,,,,,,,,
,,,,,,,,,,,,,
,,,,,,,,,,,,,
,,,,,,,,,,,,,
,,,,,,,,,,,,,
,,,,,,,,,,,,,
,,,,,,,,,,,,,
,,,,,,,,,,,,,
,,,,,,,,,,,,,
,,,,,,,,,,,,,
,,,,,,,,,,,,,
,,,,,,,,,,,,,
,,,,,,,,,,,,,
,,,,,,,,,,,,,
,,,,,,,,,,,,,
,,,,,,,,,,,,,
,,,,,,,,,,,,,
,,,,,,,,,,,,,
,,,,,,,,,,,,,
,,,,,,,,,,,,,
,,,,,,,,,,,,,
,,,,,,,,,,,,,
,,,,,,,,,,,,,
,,,,,,,,,,,,,
,,,,,,,,,,,,,
,,,,,,,,,,,,,
,,,,,,,,,,,,,
,,,,,,,,,,,,,
,,,,,,,,,,,,,
,,,,,,,,,,,,,
,,,,,,,,,,,,,
,,,,,,,,,,,,,1
,,,,,,,,,,,,,1
,,,,,,,,,,,,,1
,,,,,,,,,,,,,1
,,,,,,,,,,,,,1
,,,,,,,,,,,,,1
,,,,,,,,,,,,,1
,,,,,,,,,,,,,1
,,,,,,,,,,,,,1
,,,,,,,,,,,,,1
,,,,,,,,,,,,,1
,,,,,,,,,,,,,1
,,,,,,,,,,,,,1
,,,,,,,,,,,,,1
,,,,,,,,,,,,,1
,,,,,,,,,,,,,1
,,,,,,,,,,,,,1
,,,,,,,,,,,,,1
,,,,,,,,,,,,,1
,,,,,,,,,,,,,1
,,,,,,,,,,,,,1
,,,,,,,,,,,,,1
,,,,,,,,,,,,,1
,,,,,,,,,,,,,1
,,,,,,,,,,,,,1
,,,,,,,,,,,,,1
,,,,,,,,,,,,,1
,,,,,,,,,,,,,1
,,,,,,,,,,,,,1
,,,,,,,,,,,,,1
,,,,,,,,,,,,,
,,,,,,,,,,,,,
,,,,,,,,,,,,,
,,,,,,,,,,,,,
,,,,,,,,,,,,,
,,,,,,,,,,,,,
,,,,,,,,,,,,,
,,,,,,,,,,,,,
,,,,,,,,,,,,,
,,,,,,,,,,,,,
,,,,,,,,,,,,,
,,,,,,,,,,,,,
,,,,,,,,,,,,,
,,,,,,,,,,,,,
,,,,,,,,,,,,,
,,,,,,,,,,,,,
,,,,,,,,,,,,,
,,,,,,,,,,,,,
,,,,,,,,,,,,,
,,,,,,,,,,,,,
,,,,,,,,,,,,,
,,,,,,,,,,,,,
,,,,,,,,,,,,,
,,,,,,,,,,,,,
,,,,,,,,,,,,,
,,,,,,,,,,,,,
,,,,,,,,,,,,,
,,,,,,,,,,,,,
,,,,,,,,,,,,,
,,,,,,,,,,,,,
,,,,,,,,,,,,,
,,,,,,,,,,,,,
,,,,,,,,,,,,,
,,,,,,,,,,,,,
,,,,,,,,,,,,,
,,,,,,,,,,,,,
,,,,,,,,,,,,,
,,,,,,,,,,,,,
,,,,,,,,,,,,,
,,,,,,,,,,,,,
,,,,,,,,,,,,,
,,,,,,,,,,,,,
,,,,,,,,,,,,,
,,,,,,,,,,,,,
,,,,,,,,,,,,,
,,,,,,,,,,,,,
,,,,,,,,,,,,,
,,,,,,,,,,,,,
,,,,,,,,,,,,,
,,,,,,,,,,,,,
,,,,,,,,,,,,,
,,,,,,,,,,,,,
,,,,,,,,,,,,,
,,,,,,,,,,,,,
,,,,,,,,,,,,,
,,,,,,,,,,,,,
,,,,,,,,,,,,,
,,,,,,,,,,,,,
,,,,,,,,,,,,,
,,,,,,,,,,,,,
,,,,,,,,,,,,,
,,,,,,,,,,,,,
,,,,,,,,,,,,,
,,,,,,,,,,,,,
,,,,,,,,,,,,,
,,,,,,,,,,,,,
,,,,,,,,,,,,,
,,,,,,,,,,,,,
,,,,,,,,,,,,,
,,,,,,,,,,,,,
,,,,,,,,,,,,,
,,,,,,,,,,,,,
,,,,,,,,,,,,,
,,,,,,,,,,,,,
,,,,,,,,,,,,,
,,,,,,,,,,,,,
,,,,,,,,,,,,,
,,,,,,,,,,,,,
,,,,,,,,,,,,,
,,,,,,,,,,,,,
,,,,,,,,,,,,,
,,,,,,,,,,,,,
,,,,,,,,,,,,,
,,,,,,,,,,,,,
,,,,,,,,,,,,,
,,,,,,,,,,,,,
,,,,,,,,,,,,,
,,,,,,,,,,,,,
,,,,,,,,,,,,,
,,,,,,,,,,,,,
,,,,,,,,,,,,,
,,,,,,,,,,,,,
,,,,,,,,,,,,,
,,,,,,,,,,,,,
,,,,,,,,,,,,,
,,,,,,,,,,,,,
,,,,,,,,,,,,,
,,,,,,,,,,,,,
,,,,,,,,,,,,,
,,,,,,,,,,,,,
,,,,,,,,,,,,,
,,,,,,,,,,,,,
,,,,,,,,,,,,,
,,,,,,,,,,,,,
,,,,,,,,,,,,,
,,,,,,,,,,,,,
,,,,,,,,,,,,,
,,,,,,,,,,,,,
,,,,,,,,,,,,,
,,,,,,,,,,,,,
,,,,,,,,,,,,,
,,,,,,,,,,,,,
,,,,,,,,,,,,,
,,,,,,,,,,,,,
,,,,,,,,,,,,,
,,,,,,,,,,,,,
,,,,,,,,,,,,,
,,,,,,,,,,,,,
,,,,,,,,,,,,,
,,,,,,,,,,,,,
,,,,,,,,,,,,,1
,,,,,,,,,,,,,1
,,,,,,,,,,,,,1
,,,,,,,,,,,,,1
,,,,,,,,,,,,,1
,,,,,,,,,,,,,1
,,,,,,,,,,,,,1
,,,,,,,,,,,,,1
,,,,,,,,,,,,,1
,,,,,,,,,,,,,1
,,,,,,,,,,,,,1
,,,,,,,,,,,,,1
,,,,,,,,,,,,,1
,,,,,,,,,,,,,1
,,,,,,,,,,,,,1
,,,,,,,,,,,,,1
,,,,,,,,,,,,,1
,,,,,,,,,,,,,1
,,,,,,,,,,,,,1
,,,,,,,,,,,,,1
,,,,,,,,,,,,,1
,,,,,,,,,,,,,1
,,,,,,,,,,,,,1
,,,,,,,,,,,,,1
,,,,,,,,,,,,,1
,,,,,,,,,,,,,1
,,,,,,,,,,,,,1
,,,,,,,,,,,,,1
,,,,,,,,,,,,,1
,,,,,,,,,,,,,1
,,,,,,,,,,,,,
,,,,,,,,,,,,,
,,,,,,,,,,,,,
,,,,,,,,,,,,,
,,,,,,,,,,,,,
,,,,,,,,,,,,,
,,,,,,,,,,,,,
,,,,,,,,,,,,,
,,,,,,,,,,,,,
,,,,,,,,,,,,,
,,,,,,,,,,,,,
,,,,,,,,,,,,,
,,,,,,,,,,,,,
,,,,,,,,,,,,,
,,,,,,,,,,,,,
,,,,,,,,,,,,,
,,,,,,,,,,,,,
,,,,,,,,,,,,,
,,,,,,,,,,,,,
,,,,,,,,,,,,,
,,,,,,,,,,,,,
,,,,,,,,,,,,,
,,,,,,,,,,,,,
,,,,,,,,,,,,,
,,,,,,,,,,,,,
,,,,,,,,,,,,,
,,,,,,,,,,,,,
,,,,,,,,,,,,,
,,,,,,,,,,,,,
,,,,,,,,,,,,,
,,,,,,,,,,,,,
,,,,,,,,,,,,,
,,,,,,,,,,,,,
,,,,,,,,,,,,,
,,,,,,,,,,,,,
,,,,,,,,,,,,,
,,,,,,,,,,,,,
,,,,,,,,,,,,,
,,,,,,,,,,,,,
,,,,,,,,,,,,,
,,,,,,,,,,,,,
,,,,,,,,,,,,,
,,,,,,,,,,,,,
,,,,,,,,,,,,,
,,,,,,,,,,,,,
,,,,,,,,,,,,,
,,,,,,,,,,,,,
,,,,,,,,,,,,,
,,,,,,,,,,,,,
,,,,,,,,,,,,,
,,,,,,,,,,,,,
,,,,,,,,,,,,,
,,,,,,,,,,,,,
,,,,,,,,,,,,,
,,,,,,,,,,,,,
,,,,,,,,,,,,,
,,,,,,,,,,,,,
,,,,,,,,,,,,,
,,,,,,,,,,,,,
,,,,,,,,,,,,,
,,,,,,,,,,,,,
,,,,,,,,,,,,,
,,,,,,,,,,,,,
,,,,,,,,,,,,,
,,,,,,,,,,,,,
,,,,,,,,,,,,,
,,,,,,,,,,,,,
,,,,,,,,,,,,,
,,,,,,,,,,,,,
,,,,,,,,,,,,,
,,,,,,,,,,,,,
,,,,,,,,,,,,,
,,,,,,,,,,,,,
,,,,,,,,,,,,,
,,,,,,,,,,,,,
,,,,,,,,,,,,,
,,,,,,,,,,,,,
,,,,,,,,,,,,,
,,,,,,,,,,,,,
,,,,,,,,,,,,,
,,,,,,,,,,,,,
,,,,,,,,,,,,,
,,,,,,,,,,,,,
,,,,,,,,,,,,,
,,,,,,,,,,,,,
,,,,,,,,,,,,,
,,,,,,,,,,,,,
,,,,,,,,,,,,,
,,,,,,,,,,,,,
,,,,,,,,,,,,,
,,,,,,,,,,,,,
,,,,,,,,,,,,,
,,,,,,,,,,,,,
,,,,,,,,,,,,,
,,,,,,,,,,,,,
,,,,,,,,,,,,,
,,,,,,,,,,,,,
,,,,,,,,,,,,,
,,,,,,,,,,,,,
,,,,,,,,,,,,,
,,,,,,,,,,,,,
,,,,,,,,,,,,,
,,,,,,,,,,,,,
,,,,,,,,,,,,,
,,,,,,,,,,,,,
,,,,,,,,,,,,,
,,,,,,,,,,,,,
,,,,,,,,,,,,,
,,,,,,,,,,,,,
,,,,,,,,,,,,,
,,,,,,,,,,,,,
,,,,,,,,,,,,,
,,,,,,,,,,,,,
,,,,,,,,,,,,,
,,,,,,,,,,,,,
,,,,,,,,,,,,,
,,,,,,,,,,,,,
,,,,,,,,,,,,,
,,,,,,,,,,,,,
,,,,,,,,,,,,,
,,,,,,,,,,,,,1
,,,,,,,,,,,,,1
,,,,,,,,,,,,,1
,,,,,,,,,,,,,1
,,,,,,,,,,,,,1
,,,,,,,,,,,,,1
,,,,,,,,,,,,,1
,,,,,,,,,,,,,1
,,,,,,,,,,,,,1
,,,,,,,,,,,,,1
,,,,,,,,,,,,,1
,,,,,,,,,,,,,1
,,,,,,,,,,,,,1
,,,,,,,,,,,,,1
,,,,,,,,,,,,,1
,,,,,,,,,,,,,1
,,,,,,,,,,,,,1
,,,,,,,,,,,,,1
,,,,,,,,,,,,,1
,,,,,,,,,,,,,1
,,,,,,,,,,,,,1
,,,,,,,,,,,,,1
,,,,,,,,,,,,,1
,,,,,,,,,,,,,1
,,,,,,,,,,,,,1
,,,,,,,,,,,,,1
,,,,,,,,,,,,,1
,,,,,,,,,,,,,1
,,,,,,,,,,,,,1
,,,,,,,,,,,,,1
,,,,,,,,,,,,,
,,,,,,,,,,,,,
,,,,,,,,,,,,,
,,,,,,,,,,,,,
,,,,,,,,,,,,,
,,,,,,,,,,,,,
,,,,,,,,,,,,,
,,,,,,,,,,,,,
,,,,,,,,,,,,,
,,,,,,,,,,,,,
,,,,,,,,,,,,,
,,,,,,,,,,,,,
,,,,,,,,,,,,,
,,,,,,,,,,,,,
,,,,,,,,,,,,,
,,,,,,,,,,,,,
,,,,,,,,,,,,,
,,,,,,,,,,,,,
,,,,,,,,,,,,,
,,,,,,,,,,,,,
,,,,,,,,,,,,,
,,,,,,,,,,,,,
,,,,,,,,,,,,,
,,,,,,,,,,,,,
,,,,,,,,,,,,,
,,,,,,,,,,,,,
,,,,,,,,,,,,,
,,,,,,,,,,,,,
,,,,,,,,,,,,,
,,,,,,,,,,,,,
,,,,,,,,,,,,,
,,,,,,,,,,,,,
,,,,,,,,,,,,,
,,,,,,,,,,,,,
,,,,,,,,,,,,,
,,,,,,,,,,,,,
,,,,,,,,,,,,,
,,,,,,,,,,,,,
,,,,,,,,,,,,,
,,,,,,,,,,,,,
,,,,,,,,,,,,,
,,,,,,,,,,,,,
,,,,,,,,,,,,,
,,,,,,,,,,,,,
,,,,,,,,,,,,,
,,,,,,,,,,,,,
,,,,,,,,,,,,,
,,,,,,,,,,,,,
,,,,,,,,,,,,,
,,,,,,,,,,,,,
,,,,,,,,,,,,,
,,,,,,,,,,,,,
,,,,,,,,,,,,,
,,,,,,,,,,,,,
,,,,,,,,,,,,,
,,,,,,,,,,,,,
,,,,,,,,,,,,,
,,,,,,,,,,,,,
,,,,,,,,,,,,,
,,,,,,,,,,,,,
,,,,,,,,,,,,,
,,,,,,,,,,,,,
,,,,,,,,,,,,,
,,,,,,,,,,,,,
,,,,,,,,,,,,,
,,,,,,,,,,,,,
,,,,,,,,,,,,,
,,,,,,,,,,,,,
,,,,,,,,,,,,,
,,,,,,,,,,,,,
,,,,,,,,,,,,,
,,,,,,,,,,,,,
,,,,,,,,,,,,,
,,,,,,,,,,,,,
,,,,,,,,,,,,,
,,,,,,,,,,,,,
,,,,,,,,,,,,,
,,,,,,,,,,,,,
,,,,,,,,,,,,,
,,,,,,,,,,,,,
,,,,,,,,,,,,,
,,,,,,,,,,,,,
,,,,,,,,,,,,,
,,,,,,,,,,,,,
,,,,,,,,,,,,,
,,,,,,,,,,,,,
,,,,,,,,,,,,,
,,,,,,,,,,,,,
,,,,,,,,,,,,,
,,,,,,,,,,,,,
,,,,,,,,,,,,,
,,,,,,,,,,,,,
,,,,,,,,,,,,,
,,,,,,,,,,,,,
,,,,,,,,,,,,,
,,,,,,,,,,,,,
,,,,,,,,,,,,,
,,,,,,,,,,,,,
,,,,,,,,,,,,,
,,,,,,,,,,,,,
,,,,,,,,,,,,,
,,,,,,,,,,,,,
,,,,,,,,,,,,,
,,,,,,,,,,,,,
,,,,,,,,,,,,,
,,,,,,,,,,,,,
,,,,,,,,,,,,,
,,,,,,,,,,,,,
,,,,,,,,,,,,,
,,,,,,,,,,,,,
,,,,,,,,,,,,,
,,,,,,,,,,,,,
,,,,,,,,,,,,,
,,,,,,,,,,,,,
,,,,,,,,,,,,,
,,,,,,,,,,,,,
,,,,,,,,,,,,,
,,,,,,,,,,,,,
,,,,,,,,,,,,,
,,,,,,,,,,,,,
,,,,,,,,,,,,,1
,,,,,,,,,,,,,1
,,,,,,,,,,,,,1
,,,,,,,,,,,,,1
,,,,,,,,,,,,,1
,,,,,,,,,,,,,1
,,,,,,,,,,,,,1
,,,,,,,,,,,,,1
,,,,,,,,,,,,,1
,,,,,,,,,,,,,1
,,,,,,,,,,,,,1
,,,,,,,,,,,,,1
,,,,,,,,,,,,,1
,,,,,,,,,,,,,1
,,,,,,,,,,,,,1
,,,,,,,,,,,,,1
,,,,,,,,,,,,,1
,,,,,,,,,,,,,1
,,,,,,,,,,,,,1
,,,,,,,,,,,,,1
,,,,,,,,,,,,,1
,,,,,,,,,,,,,1
,,,,,,,,,,,,,1
,,,,,,,,,,,,,1
,,,,,,,,,,,,,1
,,,,,,,,,,,,,1
,,,,,,,,,,,,,1
,,,,,,,,,,,,,1
,,,,,,,,,,,,,1
,,,,,,,,,,,,,1
