run_id,test_instance_id,decomposition_type
1,101,ow-oip-tpf
2,101,owip-tpf
3,101,ow-oip-t-pf
4,101,owip-t-pf
5,102,ow-oip-tpf
6,102,owip-tpf
7,102,ow-oip-t-pf
8,102,owip-t-pf
9,103,ow-oip-tpf
10,103,owip-tpf
11,103,ow-oip-t-pf
12,103,owip-t-pf
13,104,ow-oip-tpf
14,104,owip-tpf
15,104,ow-oip-t-pf
16,104,owip-t-pf
17,105,ow-oip-tpf
18,105,owip-tpf
19,105,ow-oip-t-pf
20,105,owip-t-pf
21,106,ow-oip-tpf
22,106,owip-tpf
23,106,ow-oip-t-pf
24,106,owip-t-pf
25,107,ow-oip-tpf
26,107,owip-tpf
27,107,ow-oip-t-pf
28,107,owip-t-pf
29,108,ow-oip-tpf
30,108,owip-tpf
31,108,ow-oip-t-pf
32,108,owip-t-pf
33,109,ow-oip-tpf
34,109,owip-tpf
35,109,ow-oip-t-pf
36,109,owip-t-pf
37,110,ow-oip-tpf
38,110,owip-tpf
39,110,ow-oip-t-pf
40,110,owip-t-pf
41,111,ow-oip-tpf
42,111,owip-tpf
43,111,ow-oip-t-pf
44,111,owip-t-pf
45,112,ow-oip-tpf
46,112,owip-tpf
47,112,ow-oip-t-pf
48,112,owip-t-pf
49,113,ow-oip-tpf
50,113,owip-tpf
51,113,ow-oip-t-pf
52,113,owip-t-pf
53,114,ow-oip-tpf
54,114,owip-tpf
55,114,ow-oip-t-pf
56,114,owip-t-pf
57,115,ow-oip-tpf
58,115,owip-tpf
59,115,ow-oip-t-pf
60,115,owip-t-pf
61,116,ow-oip-tpf
62,116,owip-tpf
63,116,ow-oip-t-pf
64,116,owip-t-pf
65,117,ow-oip-tpf
66,117,owip-tpf
67,117,ow-oip-t-pf
68,117,owip-t-pf
69,118,ow-oip-tpf
70,118,owip-tpf
71,118,ow-oip-t-pf
72,118,owip-t-pf
73,119,ow-oip-tpf
74,119,owip-tpf
75,119,ow-oip-t-pf
76,119,owip-t-pf
77,120,ow-oip-tpf
78,120,owip-tpf
79,120,ow-oip-t-pf
80,120,owip-t-pf
81,121,ow-oip-tpf
82,121,owip-tpf
83,121,ow-oip-t-pf
84,121,owip-t-pf
85,122,ow-oip-tpf
86,122,owip-tpf
87,122,ow-oip-t-pf
88,122,owip-t-pf
89,123,ow-oip-tpf
90,123,owip-tpf
91,123,ow-oip-t-pf
92,123,owip-t-pf
93,124,ow-oip-tpf
94,124,owip-tpf
95,124,ow-oip-t-pf
96,124,owip-t-pf
97,125,ow-oip-tpf
98,125,owip-tpf
99,125,ow-oip-t-pf
100,125,owip-t-pf
101,126,ow-oip-tpf
102,126,owip-tpf
103,126,ow-oip-t-pf
104,126,owip-t-pf
105,127,ow-oip-tpf
106,127,owip-tpf
107,127,ow-oip-t-pf
108,127,owip-t-pf
109,128,ow-oip-tpf
110,128,owip-tpf
111,128,ow-oip-t-pf
112,128,owip-t-pf
113,129,ow-oip-tpf
114,129,owip-tpf
115,129,ow-oip-t-pf
116,129,owip-t-pf
117,130,ow-oip-tpf
118,130,owip-tpf
119,130,ow-oip-t-pf
120,130,owip-t-pf
121,131,ow-oip-tpf
122,131,owip-tpf
123,131,ow-oip-t-pf
124,131,owip-t-pf
125,132,ow-oip-tpf
126,132,owip-tpf
127,132,ow-oip-t-pf
128,132,owip-t-pf
129,133,ow-oip-tpf
130,133,owip-tpf
131,133,ow-oip-t-pf
132,133,owip-t-pf
133,134,ow-oip-tpf
134,134,owip-tpf
135,134,ow-oip-t-pf
136,134,owip-t-pf
137,135,ow-oip-tpf
138,135,owip-tpf
139,135,ow-oip-t-pf
140,135,owip-t-pf
141,136,ow-oip-tpf
142,136,owip-tpf
143,136,ow-oip-t-pf
144,136,owip-t-pf
145,137,ow-oip-tpf
146,137,owip-tpf
147,137,ow-oip-t-pf
148,137,owip-t-pf
149,138,ow-oip-tpf
150,138,owip-tpf
151,138,ow-oip-t-pf
152,138,owip-t-pf
153,139,ow-oip-tpf
154,139,owip-tpf
155,139,ow-oip-t-pf
156,139,owip-t-pf
157,140,ow-oip-tpf
158,140,owip-tpf
159,140,ow-oip-t-pf
160,140,owip-t-pf
161,141,ow-oip-tpf
162,141,owip-tpf
163,141,ow-oip-t-pf
164,141,owip-t-pf
165,142,ow-oip-tpf
166,142,owip-tpf
167,142,ow-oip-t-pf
168,142,owip-t-pf
169,143,ow-oip-tpf
170,143,owip-tpf
171,143,ow-oip-t-pf
172,143,owip-t-pf
173,144,ow-oip-tpf
174,144,owip-tpf
175,144,ow-oip-t-pf
176,144,owip-t-pf
177,145,ow-oip-tpf
178,145,owip-tpf
179,145,ow-oip-t-pf
180,145,owip-t-pf
181,146,ow-oip-tpf
182,146,owip-tpf
183,146,ow-oip-t-pf
184,146,owip-t-pf
185,147,ow-oip-tpf
186,147,owip-tpf
187,147,ow-oip-t-pf
188,147,owip-t-pf
189,148,ow-oip-tpf
190,148,owip-tpf
191,148,ow-oip-t-pf
192,148,owip-t-pf
193,149,ow-oip-tpf
194,149,owip-tpf
195,149,ow-oip-t-pf
196,149,owip-t-pf
197,150,ow-oip-tpf
198,150,owip-tpf
199,150,ow-oip-t-pf
200,150,owip-t-pf
201,151,ow-oip-tpf
202,151,owip-tpf
203,151,ow-oip-t-pf
204,151,owip-t-pf
205,152,ow-oip-tpf
206,152,owip-tpf
207,152,ow-oip-t-pf
208,152,owip-t-pf
209,153,ow-oip-tpf
210,153,owip-tpf
211,153,ow-oip-t-pf
212,153,owip-t-pf
213,154,ow-oip-tpf
214,154,owip-tpf
215,154,ow-oip-t-pf
216,154,owip-t-pf
217,155,ow-oip-tpf
218,155,owip-tpf
219,155,ow-oip-t-pf
220,155,owip-t-pf
221,156,ow-oip-tpf
222,156,owip-tpf
223,156,ow-oip-t-pf
224,156,owip-t-pf
225,157,ow-oip-tpf
226,157,owip-tpf
227,157,ow-oip-t-pf
228,157,owip-t-pf
229,158,ow-oip-tpf
230,158,owip-tpf
231,158,ow-oip-t-pf
232,158,owip-t-pf
233,159,ow-oip-tpf
234,159,owip-tpf
235,159,ow-oip-t-pf
236,159,owip-t-pf
237,160,ow-oip-tpf
238,160,owip-tpf
239,160,ow-oip-t-pf
240,160,owip-t-pf
241,161,ow-oip-tpf
242,161,owip-tpf
243,161,ow-oip-t-pf
244,161,owip-t-pf
245,162,ow-oip-tpf
246,162,owip-tpf
247,162,ow-oip-t-pf
248,162,owip-t-pf
249,163,ow-oip-tpf
250,163,owip-tpf
251,163,ow-oip-t-pf
252,163,owip-t-pf
253,164,ow-oip-tpf
254,164,owip-tpf
255,164,ow-oip-t-pf
256,164,owip-t-pf
257,165,ow-oip-tpf
258,165,owip-tpf
259,165,ow-oip-t-pf
260,165,owip-t-pf
261,166,ow-oip-tpf
262,166,owip-tpf
263,166,ow-oip-t-pf
264,166,owip-t-pf
265,167,ow-oip-tpf
266,167,owip-tpf
267,167,ow-oip-t-pf
268,167,owip-t-pf
269,168,ow-oip-tpf
270,168,owip-tpf
271,168,ow-oip-t-pf
272,168,owip-t-pf
273,169,ow-oip-tpf
274,169,owip-tpf
275,169,ow-oip-t-pf
276,169,owip-t-pf
277,170,ow-oip-tpf
278,170,owip-tpf
279,170,ow-oip-t-pf
280,170,owip-t-pf
281,171,ow-oip-tpf
282,171,owip-tpf
283,171,ow-oip-t-pf
284,171,owip-t-pf
285,172,ow-oip-tpf
286,172,owip-tpf
287,172,ow-oip-t-pf
288,172,owip-t-pf
289,173,ow-oip-tpf
290,173,owip-tpf
291,173,ow-oip-t-pf
292,173,owip-t-pf
293,174,ow-oip-tpf
294,174,owip-tpf
295,174,ow-oip-t-pf
296,174,owip-t-pf
297,175,ow-oip-tpf
298,175,owip-tpf
299,175,ow-oip-t-pf
300,175,owip-t-pf
301,176,ow-oip-tpf
302,176,owip-tpf
303,176,ow-oip-t-pf
304,176,owip-t-pf
305,177,ow-oip-tpf
306,177,owip-tpf
307,177,ow-oip-t-pf
308,177,owip-t-pf
309,178,ow-oip-tpf
310,178,owip-tpf
311,178,ow-oip-t-pf
312,178,owip-t-pf
313,179,ow-oip-tpf
314,179,owip-tpf
315,179,ow-oip-t-pf
316,179,owip-t-pf
317,180,ow-oip-tpf
318,180,owip-tpf
319,180,ow-oip-t-pf
320,180,owip-t-pf
321,181,ow-oip-tpf
322,181,owip-tpf
323,181,ow-oip-t-pf
324,181,owip-t-pf
325,182,ow-oip-tpf
326,182,owip-tpf
327,182,ow-oip-t-pf
328,182,owip-t-pf
329,183,ow-oip-tpf
330,183,owip-tpf
331,183,ow-oip-t-pf
332,183,owip-t-pf
333,184,ow-oip-tpf
334,184,owip-tpf
335,184,ow-oip-t-pf
336,184,owip-t-pf
337,185,ow-oip-tpf
338,185,owip-tpf
339,185,ow-oip-t-pf
340,185,owip-t-pf
341,186,ow-oip-tpf
342,186,owip-tpf
343,186,ow-oip-t-pf
344,186,owip-t-pf
345,187,ow-oip-tpf
346,187,owip-tpf
347,187,ow-oip-t-pf
348,187,owip-t-pf
349,188,ow-oip-tpf
350,188,owip-tpf
351,188,ow-oip-t-pf
352,188,owip-t-pf
353,189,ow-oip-tpf
354,189,owip-tpf
355,189,ow-oip-t-pf
356,189,owip-t-pf
357,190,ow-oip-tpf
358,190,owip-tpf
359,190,ow-oip-t-pf
360,190,owip-t-pf
361,191,ow-oip-tpf
362,191,owip-tpf
363,191,ow-oip-t-pf
364,191,owip-t-pf
365,192,ow-oip-tpf
366,192,owip-tpf
367,192,ow-oip-t-pf
368,192,owip-t-pf
369,193,ow-oip-tpf
370,193,owip-tpf
371,193,ow-oip-t-pf
372,193,owip-t-pf
373,194,ow-oip-tpf
374,194,owip-tpf
375,194,ow-oip-t-pf
376,194,owip-t-pf
377,195,ow-oip-tpf
378,195,owip-tpf
379,195,ow-oip-t-pf
380,195,owip-t-pf
381,196,ow-oip-tpf
382,196,owip-tpf
383,196,ow-oip-t-pf
384,196,owip-t-pf
385,197,ow-oip-tpf
386,197,owip-tpf
387,197,ow-oip-t-pf
388,197,owip-t-pf
389,198,ow-oip-tpf
390,198,owip-tpf
391,198,ow-oip-t-pf
392,198,owip-t-pf
393,199,ow-oip-tpf
394,199,owip-tpf
395,199,ow-oip-t-pf
396,199,owip-t-pf
397,200,ow-oip-tpf
398,200,owip-tpf
399,200,ow-oip-t-pf
400,200,owip-t-pf
401,1,ow-oip-tpf
402,1,owip-tpf
403,1,ow-oip-t-pf
404,1,owip-t-pf
405,2,ow-oip-tpf
406,2,owip-tpf
407,2,ow-oip-t-pf
408,2,owip-t-pf
409,3,ow-oip-tpf
410,3,owip-tpf
411,3,ow-oip-t-pf
412,3,owip-t-pf
413,4,ow-oip-tpf
414,4,owip-tpf
415,4,ow-oip-t-pf
416,4,owip-t-pf
417,5,ow-oip-tpf
418,5,owip-tpf
419,5,ow-oip-t-pf
420,5,owip-t-pf
421,6,ow-oip-tpf
422,6,owip-tpf
423,6,ow-oip-t-pf
424,6,owip-t-pf
425,7,ow-oip-tpf
426,7,owip-tpf
427,7,ow-oip-t-pf
428,7,owip-t-pf
429,8,ow-oip-tpf
430,8,owip-tpf
431,8,ow-oip-t-pf
432,8,owip-t-pf
433,9,ow-oip-tpf
434,9,owip-tpf
435,9,ow-oip-t-pf
436,9,owip-t-pf
437,10,ow-oip-tpf
438,10,owip-tpf
439,10,ow-oip-t-pf
440,10,owip-t-pf
441,11,ow-oip-tpf
442,11,owip-tpf
443,11,ow-oip-t-pf
444,11,owip-t-pf
445,12,ow-oip-tpf
446,12,owip-tpf
447,12,ow-oip-t-pf
448,12,owip-t-pf
449,13,ow-oip-tpf
450,13,owip-tpf
451,13,ow-oip-t-pf
452,13,owip-t-pf
453,14,ow-oip-tpf
454,14,owip-tpf
455,14,ow-oip-t-pf
456,14,owip-t-pf
457,15,ow-oip-tpf
458,15,owip-tpf
459,15,ow-oip-t-pf
460,15,owip-t-pf
461,16,ow-oip-tpf
462,16,owip-tpf
463,16,ow-oip-t-pf
464,16,owip-t-pf
465,17,ow-oip-tpf
466,17,owip-tpf
467,17,ow-oip-t-pf
468,17,owip-t-pf
469,18,ow-oip-tpf
470,18,owip-tpf
471,18,ow-oip-t-pf
472,18,owip-t-pf
473,19,ow-oip-tpf
474,19,owip-tpf
475,19,ow-oip-t-pf
476,19,owip-t-pf
477,20,ow-oip-tpf
478,20,owip-tpf
479,20,ow-oip-t-pf
480,20,owip-t-pf
481,21,ow-oip-tpf
482,21,owip-tpf
483,21,ow-oip-t-pf
484,21,owip-t-pf
485,22,ow-oip-tpf
486,22,owip-tpf
487,22,ow-oip-t-pf
488,22,owip-t-pf
489,23,ow-oip-tpf
490,23,owip-tpf
491,23,ow-oip-t-pf
492,23,owip-t-pf
493,24,ow-oip-tpf
494,24,owip-tpf
495,24,ow-oip-t-pf
496,24,owip-t-pf
497,25,ow-oip-tpf
498,25,owip-tpf
499,25,ow-oip-t-pf
500,25,owip-t-pf
501,26,ow-oip-tpf
502,26,owip-tpf
503,26,ow-oip-t-pf
504,26,owip-t-pf
505,27,ow-oip-tpf
506,27,owip-tpf
507,27,ow-oip-t-pf
508,27,owip-t-pf
509,28,ow-oip-tpf
510,28,owip-tpf
511,28,ow-oip-t-pf
512,28,owip-t-pf
513,29,ow-oip-tpf
514,29,owip-tpf
515,29,ow-oip-t-pf
516,29,owip-t-pf
517,30,ow-oip-tpf
518,30,owip-tpf
519,30,ow-oip-t-pf
520,30,owip-t-pf
521,31,ow-oip-tpf
522,31,owip-tpf
523,31,ow-oip-t-pf
524,31,owip-t-pf
525,32,ow-oip-tpf
526,32,owip-tpf
527,32,ow-oip-t-pf
528,32,owip-t-pf
529,33,ow-oip-tpf
530,33,owip-tpf
531,33,ow-oip-t-pf
532,33,owip-t-pf
533,34,ow-oip-tpf
534,34,owip-tpf
535,34,ow-oip-t-pf
536,34,owip-t-pf
537,35,ow-oip-tpf
538,35,owip-tpf
539,35,ow-oip-t-pf
540,35,owip-t-pf
541,36,ow-oip-tpf
542,36,owip-tpf
543,36,ow-oip-t-pf
544,36,owip-t-pf
545,37,ow-oip-tpf
546,37,owip-tpf
547,37,ow-oip-t-pf
548,37,owip-t-pf
549,38,ow-oip-tpf
550,38,owip-tpf
551,38,ow-oip-t-pf
552,38,owip-t-pf
553,39,ow-oip-tpf
554,39,owip-tpf
555,39,ow-oip-t-pf
556,39,owip-t-pf
557,40,ow-oip-tpf
558,40,owip-tpf
559,40,ow-oip-t-pf
560,40,owip-t-pf
561,41,ow-oip-tpf
562,41,owip-tpf
563,41,ow-oip-t-pf
564,41,owip-t-pf
565,42,ow-oip-tpf
566,42,owip-tpf
567,42,ow-oip-t-pf
568,42,owip-t-pf
569,43,ow-oip-tpf
570,43,owip-tpf
571,43,ow-oip-t-pf
572,43,owip-t-pf
573,44,ow-oip-tpf
574,44,owip-tpf
575,44,ow-oip-t-pf
576,44,owip-t-pf
577,45,ow-oip-tpf
578,45,owip-tpf
579,45,ow-oip-t-pf
580,45,owip-t-pf
581,46,ow-oip-tpf
582,46,owip-tpf
583,46,ow-oip-t-pf
584,46,owip-t-pf
585,47,ow-oip-tpf
586,47,owip-tpf
587,47,ow-oip-t-pf
588,47,owip-t-pf
589,48,ow-oip-tpf
590,48,owip-tpf
591,48,ow-oip-t-pf
592,48,owip-t-pf
593,49,ow-oip-tpf
594,49,owip-tpf
595,49,ow-oip-t-pf
596,49,owip-t-pf
597,50,ow-oip-tpf
598,50,owip-tpf
599,50,ow-oip-t-pf
600,50,owip-t-pf
601,51,ow-oip-tpf
602,51,owip-tpf
603,51,ow-oip-t-pf
604,51,owip-t-pf
605,52,ow-oip-tpf
606,52,owip-tpf
607,52,ow-oip-t-pf
608,52,owip-t-pf
609,53,ow-oip-tpf
610,53,owip-tpf
611,53,ow-oip-t-pf
612,53,owip-t-pf
613,54,ow-oip-tpf
614,54,owip-tpf
615,54,ow-oip-t-pf
616,54,owip-t-pf
617,55,ow-oip-tpf
618,55,owip-tpf
619,55,ow-oip-t-pf
620,55,owip-t-pf
621,56,ow-oip-tpf
622,56,owip-tpf
623,56,ow-oip-t-pf
624,56,owip-t-pf
625,57,ow-oip-tpf
626,57,owip-tpf
627,57,ow-oip-t-pf
628,57,owip-t-pf
629,58,ow-oip-tpf
630,58,owip-tpf
631,58,ow-oip-t-pf
632,58,owip-t-pf
633,59,ow-oip-tpf
634,59,owip-tpf
635,59,ow-oip-t-pf
636,59,owip-t-pf
637,60,ow-oip-tpf
638,60,owip-tpf
639,60,ow-oip-t-pf
640,60,owip-t-pf
641,61,ow-oip-tpf
642,61,owip-tpf
643,61,ow-oip-t-pf
644,61,owip-t-pf
645,62,ow-oip-tpf
646,62,owip-tpf
647,62,ow-oip-t-pf
648,62,owip-t-pf
649,63,ow-oip-tpf
650,63,owip-tpf
651,63,ow-oip-t-pf
652,63,owip-t-pf
653,64,ow-oip-tpf
654,64,owip-tpf
655,64,ow-oip-t-pf
656,64,owip-t-pf
657,65,ow-oip-tpf
658,65,owip-tpf
659,65,ow-oip-t-pf
660,65,owip-t-pf
661,66,ow-oip-tpf
662,66,owip-tpf
663,66,ow-oip-t-pf
664,66,owip-t-pf
665,67,ow-oip-tpf
666,67,owip-tpf
667,67,ow-oip-t-pf
668,67,owip-t-pf
669,68,ow-oip-tpf
670,68,owip-tpf
671,68,ow-oip-t-pf
672,68,owip-t-pf
673,69,ow-oip-tpf
674,69,owip-tpf
675,69,ow-oip-t-pf
676,69,owip-t-pf
677,70,ow-oip-tpf
678,70,owip-tpf
679,70,ow-oip-t-pf
680,70,owip-t-pf
681,71,ow-oip-tpf
682,71,owip-tpf
683,71,ow-oip-t-pf
684,71,owip-t-pf
685,72,ow-oip-tpf
686,72,owip-tpf
687,72,ow-oip-t-pf
688,72,owip-t-pf
689,73,ow-oip-tpf
690,73,owip-tpf
691,73,ow-oip-t-pf
692,73,owip-t-pf
693,74,ow-oip-tpf
694,74,owip-tpf
695,74,ow-oip-t-pf
696,74,owip-t-pf
697,75,ow-oip-tpf
698,75,owip-tpf
699,75,ow-oip-t-pf
700,75,owip-t-pf
701,76,ow-oip-tpf
702,76,owip-tpf
703,76,ow-oip-t-pf
704,76,owip-t-pf
705,77,ow-oip-tpf
706,77,owip-tpf
707,77,ow-oip-t-pf
708,77,owip-t-pf
709,78,ow-oip-tpf
710,78,owip-tpf
711,78,ow-oip-t-pf
712,78,owip-t-pf
713,79,ow-oip-tpf
714,79,owip-tpf
715,79,ow-oip-t-pf
716,79,owip-t-pf
717,80,ow-oip-tpf
718,80,owip-tpf
719,80,ow-oip-t-pf
720,80,owip-t-pf
721,81,ow-oip-tpf
722,81,owip-tpf
723,81,ow-oip-t-pf
724,81,owip-t-pf
725,82,ow-oip-tpf
726,82,owip-tpf
727,82,ow-oip-t-pf
728,82,owip-t-pf
729,83,ow-oip-tpf
730,83,owip-tpf
731,83,ow-oip-t-pf
732,83,owip-t-pf
733,84,ow-oip-tpf
734,84,owip-tpf
735,84,ow-oip-t-pf
736,84,owip-t-pf
737,85,ow-oip-tpf
738,85,owip-tpf
739,85,ow-oip-t-pf
740,85,owip-t-pf
741,86,ow-oip-tpf
742,86,owip-tpf
743,86,ow-oip-t-pf
744,86,owip-t-pf
745,87,ow-oip-tpf
746,87,owip-tpf
747,87,ow-oip-t-pf
748,87,owip-t-pf
749,88,ow-oip-tpf
750,88,owip-tpf
751,88,ow-oip-t-pf
752,88,owip-t-pf
753,89,ow-oip-tpf
754,89,owip-tpf
755,89,ow-oip-t-pf
756,89,owip-t-pf
757,90,ow-oip-tpf
758,90,owip-tpf
759,90,ow-oip-t-pf
760,90,owip-t-pf
761,91,ow-oip-tpf
762,91,owip-tpf
763,91,ow-oip-t-pf
764,91,owip-t-pf
765,92,ow-oip-tpf
766,92,owip-tpf
767,92,ow-oip-t-pf
768,92,owip-t-pf
769,93,ow-oip-tpf
770,93,owip-tpf
771,93,ow-oip-t-pf
772,93,owip-t-pf
773,94,ow-oip-tpf
774,94,owip-tpf
775,94,ow-oip-t-pf
776,94,owip-t-pf
777,95,ow-oip-tpf
778,95,owip-tpf
779,95,ow-oip-t-pf
780,95,owip-t-pf
781,96,ow-oip-tpf
782,96,owip-tpf
783,96,ow-oip-t-pf
784,96,owip-t-pf
785,97,ow-oip-tpf
786,97,owip-tpf
787,97,ow-oip-t-pf
788,97,owip-t-pf
789,98,ow-oip-tpf
790,98,owip-tpf
791,98,ow-oip-t-pf
792,98,owip-t-pf
793,99,ow-oip-tpf
794,99,owip-tpf
795,99,ow-oip-t-pf
796,99,owip-t-pf
797,100,ow-oip-tpf
798,100,owip-tpf
799,100,ow-oip-t-pf
800,100,owip-t-pf
801,201,ow-oip-tpf
802,201,owip-tpf
803,201,ow-oip-t-pf
804,201,owip-t-pf
805,202,ow-oip-tpf
806,202,owip-tpf
807,202,ow-oip-t-pf
808,202,owip-t-pf
809,203,ow-oip-tpf
810,203,owip-tpf
811,203,ow-oip-t-pf
812,203,owip-t-pf
813,204,ow-oip-tpf
814,204,owip-tpf
815,204,ow-oip-t-pf
816,204,owip-t-pf
817,205,ow-oip-tpf
818,205,owip-tpf
819,205,ow-oip-t-pf
820,205,owip-t-pf
821,206,ow-oip-tpf
822,206,owip-tpf
823,206,ow-oip-t-pf
824,206,owip-t-pf
825,207,ow-oip-tpf
826,207,owip-tpf
827,207,ow-oip-t-pf
828,207,owip-t-pf
829,208,ow-oip-tpf
830,208,owip-tpf
831,208,ow-oip-t-pf
832,208,owip-t-pf
833,209,ow-oip-tpf
834,209,owip-tpf
835,209,ow-oip-t-pf
836,209,owip-t-pf
837,210,ow-oip-tpf
838,210,owip-tpf
839,210,ow-oip-t-pf
840,210,owip-t-pf
841,211,ow-oip-tpf
842,211,owip-tpf
843,211,ow-oip-t-pf
844,211,owip-t-pf
845,212,ow-oip-tpf
846,212,owip-tpf
847,212,ow-oip-t-pf
848,212,owip-t-pf
849,213,ow-oip-tpf
850,213,owip-tpf
851,213,ow-oip-t-pf
852,213,owip-t-pf
853,214,ow-oip-tpf
854,214,owip-tpf
855,214,ow-oip-t-pf
856,214,owip-t-pf
857,215,ow-oip-tpf
858,215,owip-tpf
859,215,ow-oip-t-pf
860,215,owip-t-pf
861,216,ow-oip-tpf
862,216,owip-tpf
863,216,ow-oip-t-pf
864,216,owip-t-pf
865,217,ow-oip-tpf
866,217,owip-tpf
867,217,ow-oip-t-pf
868,217,owip-t-pf
869,218,ow-oip-tpf
870,218,owip-tpf
871,218,ow-oip-t-pf
872,218,owip-t-pf
873,219,ow-oip-tpf
874,219,owip-tpf
875,219,ow-oip-t-pf
876,219,owip-t-pf
877,220,ow-oip-tpf
878,220,owip-tpf
879,220,ow-oip-t-pf
880,220,owip-t-pf
881,221,ow-oip-tpf
882,221,owip-tpf
883,221,ow-oip-t-pf
884,221,owip-t-pf
885,222,ow-oip-tpf
886,222,owip-tpf
887,222,ow-oip-t-pf
888,222,owip-t-pf
889,223,ow-oip-tpf
890,223,owip-tpf
891,223,ow-oip-t-pf
892,223,owip-t-pf
893,224,ow-oip-tpf
894,224,owip-tpf
895,224,ow-oip-t-pf
896,224,owip-t-pf
897,225,ow-oip-tpf
898,225,owip-tpf
899,225,ow-oip-t-pf
900,225,owip-t-pf
901,226,ow-oip-tpf
902,226,owip-tpf
903,226,ow-oip-t-pf
904,226,owip-t-pf
905,227,ow-oip-tpf
906,227,owip-tpf
907,227,ow-oip-t-pf
908,227,owip-t-pf
909,228,ow-oip-tpf
910,228,owip-tpf
911,228,ow-oip-t-pf
912,228,owip-t-pf
913,229,ow-oip-tpf
914,229,owip-tpf
915,229,ow-oip-t-pf
916,229,owip-t-pf
917,230,ow-oip-tpf
918,230,owip-tpf
919,230,ow-oip-t-pf
920,230,owip-t-pf
921,231,ow-oip-tpf
922,231,owip-tpf
923,231,ow-oip-t-pf
924,231,owip-t-pf
925,232,ow-oip-tpf
926,232,owip-tpf
927,232,ow-oip-t-pf
928,232,owip-t-pf
929,233,ow-oip-tpf
930,233,owip-tpf
931,233,ow-oip-t-pf
932,233,owip-t-pf
933,234,ow-oip-tpf
934,234,owip-tpf
935,234,ow-oip-t-pf
936,234,owip-t-pf
937,235,ow-oip-tpf
938,235,owip-tpf
939,235,ow-oip-t-pf
940,235,owip-t-pf
941,236,ow-oip-tpf
942,236,owip-tpf
943,236,ow-oip-t-pf
944,236,owip-t-pf
945,237,ow-oip-tpf
946,237,owip-tpf
947,237,ow-oip-t-pf
948,237,owip-t-pf
949,238,ow-oip-tpf
950,238,owip-tpf
951,238,ow-oip-t-pf
952,238,owip-t-pf
953,239,ow-oip-tpf
954,239,owip-tpf
955,239,ow-oip-t-pf
956,239,owip-t-pf
957,240,ow-oip-tpf
958,240,owip-tpf
959,240,ow-oip-t-pf
960,240,owip-t-pf
961,241,ow-oip-tpf
962,241,owip-tpf
963,241,ow-oip-t-pf
964,241,owip-t-pf
965,242,ow-oip-tpf
966,242,owip-tpf
967,242,ow-oip-t-pf
968,242,owip-t-pf
969,243,ow-oip-tpf
970,243,owip-tpf
971,243,ow-oip-t-pf
972,243,owip-t-pf
973,244,ow-oip-tpf
974,244,owip-tpf
975,244,ow-oip-t-pf
976,244,owip-t-pf
977,245,ow-oip-tpf
978,245,owip-tpf
979,245,ow-oip-t-pf
980,245,owip-t-pf
981,246,ow-oip-tpf
982,246,owip-tpf
983,246,ow-oip-t-pf
984,246,owip-t-pf
985,247,ow-oip-tpf
986,247,owip-tpf
987,247,ow-oip-t-pf
988,247,owip-t-pf
989,248,ow-oip-tpf
990,248,owip-tpf
991,248,ow-oip-t-pf
992,248,owip-t-pf
993,249,ow-oip-tpf
994,249,owip-tpf
995,249,ow-oip-t-pf
996,249,owip-t-pf
997,250,ow-oip-tpf
998,250,owip-tpf
999,250,ow-oip-t-pf
1000,250,owip-t-pf
1001,251,ow-oip-tpf
1002,251,owip-tpf
1003,251,ow-oip-t-pf
1004,251,owip-t-pf
1005,252,ow-oip-tpf
1006,252,owip-tpf
1007,252,ow-oip-t-pf
1008,252,owip-t-pf
1009,253,ow-oip-tpf
1010,253,owip-tpf
1011,253,ow-oip-t-pf
1012,253,owip-t-pf
1013,254,ow-oip-tpf
1014,254,owip-tpf
1015,254,ow-oip-t-pf
1016,254,owip-t-pf
1017,255,ow-oip-tpf
1018,255,owip-tpf
1019,255,ow-oip-t-pf
1020,255,owip-t-pf
1021,256,ow-oip-tpf
1022,256,owip-tpf
1023,256,ow-oip-t-pf
1024,256,owip-t-pf
1025,257,ow-oip-tpf
1026,257,owip-tpf
1027,257,ow-oip-t-pf
1028,257,owip-t-pf
1029,258,ow-oip-tpf
1030,258,owip-tpf
1031,258,ow-oip-t-pf
1032,258,owip-t-pf
1033,259,ow-oip-tpf
1034,259,owip-tpf
1035,259,ow-oip-t-pf
1036,259,owip-t-pf
1037,260,ow-oip-tpf
1038,260,owip-tpf
1039,260,ow-oip-t-pf
1040,260,owip-t-pf
1041,261,ow-oip-tpf
1042,261,owip-tpf
1043,261,ow-oip-t-pf
1044,261,owip-t-pf
1045,262,ow-oip-tpf
1046,262,owip-tpf
1047,262,ow-oip-t-pf
1048,262,owip-t-pf
1049,263,ow-oip-tpf
1050,263,owip-tpf
1051,263,ow-oip-t-pf
1052,263,owip-t-pf
1053,264,ow-oip-tpf
1054,264,owip-tpf
1055,264,ow-oip-t-pf
1056,264,owip-t-pf
1057,265,ow-oip-tpf
1058,265,owip-tpf
1059,265,ow-oip-t-pf
1060,265,owip-t-pf
1061,266,ow-oip-tpf
1062,266,owip-tpf
1063,266,ow-oip-t-pf
1064,266,owip-t-pf
1065,267,ow-oip-tpf
1066,267,owip-tpf
1067,267,ow-oip-t-pf
1068,267,owip-t-pf
1069,268,ow-oip-tpf
1070,268,owip-tpf
1071,268,ow-oip-t-pf
1072,268,owip-t-pf
1073,269,ow-oip-tpf
1074,269,owip-tpf
1075,269,ow-oip-t-pf
1076,269,owip-t-pf
1077,270,ow-oip-tpf
1078,270,owip-tpf
1079,270,ow-oip-t-pf
1080,270,owip-t-pf
1081,271,ow-oip-tpf
1082,271,owip-tpf
1083,271,ow-oip-t-pf
1084,271,owip-t-pf
1085,272,ow-oip-tpf
1086,272,owip-tpf
1087,272,ow-oip-t-pf
1088,272,owip-t-pf
1089,273,ow-oip-tpf
1090,273,owip-tpf
1091,273,ow-oip-t-pf
1092,273,owip-t-pf
1093,274,ow-oip-tpf
1094,274,owip-tpf
1095,274,ow-oip-t-pf
1096,274,owip-t-pf
1097,275,ow-oip-tpf
1098,275,owip-tpf
1099,275,ow-oip-t-pf
1100,275,owip-t-pf
1101,276,ow-oip-tpf
1102,276,owip-tpf
1103,276,ow-oip-t-pf
1104,276,owip-t-pf
1105,277,ow-oip-tpf
1106,277,owip-tpf
1107,277,ow-oip-t-pf
1108,277,owip-t-pf
1109,278,ow-oip-tpf
1110,278,owip-tpf
1111,278,ow-oip-t-pf
1112,278,owip-t-pf
1113,279,ow-oip-tpf
1114,279,owip-tpf
1115,279,ow-oip-t-pf
1116,279,owip-t-pf
1117,280,ow-oip-tpf
1118,280,owip-tpf
1119,280,ow-oip-t-pf
1120,280,owip-t-pf
1121,281,ow-oip-tpf
1122,281,owip-tpf
1123,281,ow-oip-t-pf
1124,281,owip-t-pf
1125,282,ow-oip-tpf
1126,282,owip-tpf
1127,282,ow-oip-t-pf
1128,282,owip-t-pf
1129,283,ow-oip-tpf
1130,283,owip-tpf
1131,283,ow-oip-t-pf
1132,283,owip-t-pf
1133,284,ow-oip-tpf
1134,284,owip-tpf
1135,284,ow-oip-t-pf
1136,284,owip-t-pf
1137,285,ow-oip-tpf
1138,285,owip-tpf
1139,285,ow-oip-t-pf
1140,285,owip-t-pf
1141,286,ow-oip-tpf
1142,286,owip-tpf
1143,286,ow-oip-t-pf
1144,286,owip-t-pf
1145,287,ow-oip-tpf
1146,287,owip-tpf
1147,287,ow-oip-t-pf
1148,287,owip-t-pf
1149,288,ow-oip-tpf
1150,288,owip-tpf
1151,288,ow-oip-t-pf
1152,288,owip-t-pf
1153,289,ow-oip-tpf
1154,289,owip-tpf
1155,289,ow-oip-t-pf
1156,289,owip-t-pf
1157,290,ow-oip-tpf
1158,290,owip-tpf
1159,290,ow-oip-t-pf
1160,290,owip-t-pf
1161,291,ow-oip-tpf
1162,291,owip-tpf
1163,291,ow-oip-t-pf
1164,291,owip-t-pf
1165,292,ow-oip-tpf
1166,292,owip-tpf
1167,292,ow-oip-t-pf
1168,292,owip-t-pf
1169,293,ow-oip-tpf
1170,293,owip-tpf
1171,293,ow-oip-t-pf
1172,293,owip-t-pf
1173,294,ow-oip-tpf
1174,294,owip-tpf
1175,294,ow-oip-t-pf
1176,294,owip-t-pf
1177,295,ow-oip-tpf
1178,295,owip-tpf
1179,295,ow-oip-t-pf
1180,295,owip-t-pf
1181,296,ow-oip-tpf
1182,296,owip-tpf
1183,296,ow-oip-t-pf
1184,296,owip-t-pf
1185,297,ow-oip-tpf
1186,297,owip-tpf
1187,297,ow-oip-t-pf
1188,297,owip-t-pf
1189,298,ow-oip-tpf
1190,298,owip-tpf
1191,298,ow-oip-t-pf
1192,298,owip-t-pf
1193,299,ow-oip-tpf
1194,299,owip-tpf
1195,299,ow-oip-t-pf
1196,299,owip-t-pf
1197,300,ow-oip-tpf
1198,300,owip-tpf
1199,300,ow-oip-t-pf
1200,300,owip-t-pf
1201,301,ow-oip-tpf
1202,301,owip-tpf
1203,301,ow-oip-t-pf
1204,301,owip-t-pf
1205,302,ow-oip-tpf
1206,302,owip-tpf
1207,302,ow-oip-t-pf
1208,302,owip-t-pf
1209,303,ow-oip-tpf
1210,303,owip-tpf
1211,303,ow-oip-t-pf
1212,303,owip-t-pf
1213,304,ow-oip-tpf
1214,304,owip-tpf
1215,304,ow-oip-t-pf
1216,304,owip-t-pf
1217,305,ow-oip-tpf
1218,305,owip-tpf
1219,305,ow-oip-t-pf
1220,305,owip-t-pf
1221,306,ow-oip-tpf
1222,306,owip-tpf
1223,306,ow-oip-t-pf
1224,306,owip-t-pf
1225,307,ow-oip-tpf
1226,307,owip-tpf
1227,307,ow-oip-t-pf
1228,307,owip-t-pf
1229,308,ow-oip-tpf
1230,308,owip-tpf
1231,308,ow-oip-t-pf
1232,308,owip-t-pf
1233,309,ow-oip-tpf
1234,309,owip-tpf
1235,309,ow-oip-t-pf
1236,309,owip-t-pf
1237,310,ow-oip-tpf
1238,310,owip-tpf
1239,310,ow-oip-t-pf
1240,310,owip-t-pf
1241,311,ow-oip-tpf
1242,311,owip-tpf
1243,311,ow-oip-t-pf
1244,311,owip-t-pf
1245,312,ow-oip-tpf
1246,312,owip-tpf
1247,312,ow-oip-t-pf
1248,312,owip-t-pf
1249,313,ow-oip-tpf
1250,313,owip-tpf
1251,313,ow-oip-t-pf
1252,313,owip-t-pf
1253,314,ow-oip-tpf
1254,314,owip-tpf
1255,314,ow-oip-t-pf
1256,314,owip-t-pf
1257,315,ow-oip-tpf
1258,315,owip-tpf
1259,315,ow-oip-t-pf
1260,315,owip-t-pf
1261,316,ow-oip-tpf
1262,316,owip-tpf
1263,316,ow-oip-t-pf
1264,316,owip-t-pf
1265,317,ow-oip-tpf
1266,317,owip-tpf
1267,317,ow-oip-t-pf
1268,317,owip-t-pf
1269,318,ow-oip-tpf
1270,318,owip-tpf
1271,318,ow-oip-t-pf
1272,318,owip-t-pf
1273,319,ow-oip-tpf
1274,319,owip-tpf
1275,319,ow-oip-t-pf
1276,319,owip-t-pf
1277,320,ow-oip-tpf
1278,320,owip-tpf
1279,320,ow-oip-t-pf
1280,320,owip-t-pf
1281,321,ow-oip-tpf
1282,321,owip-tpf
1283,321,ow-oip-t-pf
1284,321,owip-t-pf
1285,322,ow-oip-tpf
1286,322,owip-tpf
1287,322,ow-oip-t-pf
1288,322,owip-t-pf
1289,323,ow-oip-tpf
1290,323,owip-tpf
1291,323,ow-oip-t-pf
1292,323,owip-t-pf
1293,324,ow-oip-tpf
1294,324,owip-tpf
1295,324,ow-oip-t-pf
1296,324,owip-t-pf
1297,325,ow-oip-tpf
1298,325,owip-tpf
1299,325,ow-oip-t-pf
1300,325,owip-t-pf
1301,326,ow-oip-tpf
1302,326,owip-tpf
1303,326,ow-oip-t-pf
1304,326,owip-t-pf
1305,327,ow-oip-tpf
1306,327,owip-tpf
1307,327,ow-oip-t-pf
1308,327,owip-t-pf
1309,328,ow-oip-tpf
1310,328,owip-tpf
1311,328,ow-oip-t-pf
1312,328,owip-t-pf
1313,329,ow-oip-tpf
1314,329,owip-tpf
1315,329,ow-oip-t-pf
1316,329,owip-t-pf
1317,330,ow-oip-tpf
1318,330,owip-tpf
1319,330,ow-oip-t-pf
1320,330,owip-t-pf
1321,331,ow-oip-tpf
1322,331,owip-tpf
1323,331,ow-oip-t-pf
1324,331,owip-t-pf
1325,332,ow-oip-tpf
1326,332,owip-tpf
1327,332,ow-oip-t-pf
1328,332,owip-t-pf
1329,333,ow-oip-tpf
1330,333,owip-tpf
1331,333,ow-oip-t-pf
1332,333,owip-t-pf
1333,334,ow-oip-tpf
1334,334,owip-tpf
1335,334,ow-oip-t-pf
1336,334,owip-t-pf
1337,335,ow-oip-tpf
1338,335,owip-tpf
1339,335,ow-oip-t-pf
1340,335,owip-t-pf
1341,336,ow-oip-tpf
1342,336,owip-tpf
1343,336,ow-oip-t-pf
1344,336,owip-t-pf
1345,337,ow-oip-tpf
1346,337,owip-tpf
1347,337,ow-oip-t-pf
1348,337,owip-t-pf
1349,338,ow-oip-tpf
1350,338,owip-tpf
1351,338,ow-oip-t-pf
1352,338,owip-t-pf
1353,339,ow-oip-tpf
1354,339,owip-tpf
1355,339,ow-oip-t-pf
1356,339,owip-t-pf
1357,340,ow-oip-tpf
1358,340,owip-tpf
1359,340,ow-oip-t-pf
1360,340,owip-t-pf
1361,341,ow-oip-tpf
1362,341,owip-tpf
1363,341,ow-oip-t-pf
1364,341,owip-t-pf
1365,342,ow-oip-tpf
1366,342,owip-tpf
1367,342,ow-oip-t-pf
1368,342,owip-t-pf
1369,343,ow-oip-tpf
1370,343,owip-tpf
1371,343,ow-oip-t-pf
1372,343,owip-t-pf
1373,344,ow-oip-tpf
1374,344,owip-tpf
1375,344,ow-oip-t-pf
1376,344,owip-t-pf
1377,345,ow-oip-tpf
1378,345,owip-tpf
1379,345,ow-oip-t-pf
1380,345,owip-t-pf
1381,346,ow-oip-tpf
1382,346,owip-tpf
1383,346,ow-oip-t-pf
1384,346,owip-t-pf
1385,347,ow-oip-tpf
1386,347,owip-tpf
1387,347,ow-oip-t-pf
1388,347,owip-t-pf
1389,348,ow-oip-tpf
1390,348,owip-tpf
1391,348,ow-oip-t-pf
1392,348,owip-t-pf
1393,349,ow-oip-tpf
1394,349,owip-tpf
1395,349,ow-oip-t-pf
1396,349,owip-t-pf
1397,350,ow-oip-tpf
1398,350,owip-tpf
1399,350,ow-oip-t-pf
1400,350,owip-t-pf
1401,351,ow-oip-tpf
1402,351,owip-tpf
1403,351,ow-oip-t-pf
1404,351,owip-t-pf
1405,352,ow-oip-tpf
1406,352,owip-tpf
1407,352,ow-oip-t-pf
1408,352,owip-t-pf
1409,353,ow-oip-tpf
1410,353,owip-tpf
1411,353,ow-oip-t-pf
1412,353,owip-t-pf
1413,354,ow-oip-tpf
1414,354,owip-tpf
1415,354,ow-oip-t-pf
1416,354,owip-t-pf
1417,355,ow-oip-tpf
1418,355,owip-tpf
1419,355,ow-oip-t-pf
1420,355,owip-t-pf
1421,356,ow-oip-tpf
1422,356,owip-tpf
1423,356,ow-oip-t-pf
1424,356,owip-t-pf
1425,357,ow-oip-tpf
1426,357,owip-tpf
1427,357,ow-oip-t-pf
1428,357,owip-t-pf
1429,358,ow-oip-tpf
1430,358,owip-tpf
1431,358,ow-oip-t-pf
1432,358,owip-t-pf
1433,359,ow-oip-tpf
1434,359,owip-tpf
1435,359,ow-oip-t-pf
1436,359,owip-t-pf
1437,360,ow-oip-tpf
1438,360,owip-tpf
1439,360,ow-oip-t-pf
1440,360,owip-t-pf
1441,361,ow-oip-tpf
1442,361,owip-tpf
1443,361,ow-oip-t-pf
1444,361,owip-t-pf
1445,362,ow-oip-tpf
1446,362,owip-tpf
1447,362,ow-oip-t-pf
1448,362,owip-t-pf
1449,363,ow-oip-tpf
1450,363,owip-tpf
1451,363,ow-oip-t-pf
1452,363,owip-t-pf
1453,364,ow-oip-tpf
1454,364,owip-tpf
1455,364,ow-oip-t-pf
1456,364,owip-t-pf
1457,365,ow-oip-tpf
1458,365,owip-tpf
1459,365,ow-oip-t-pf
1460,365,owip-t-pf
1461,366,ow-oip-tpf
1462,366,owip-tpf
1463,366,ow-oip-t-pf
1464,366,owip-t-pf
1465,367,ow-oip-tpf
1466,367,owip-tpf
1467,367,ow-oip-t-pf
1468,367,owip-t-pf
1469,368,ow-oip-tpf
1470,368,owip-tpf
1471,368,ow-oip-t-pf
1472,368,owip-t-pf
1473,369,ow-oip-tpf
1474,369,owip-tpf
1475,369,ow-oip-t-pf
1476,369,owip-t-pf
1477,370,ow-oip-tpf
1478,370,owip-tpf
1479,370,ow-oip-t-pf
1480,370,owip-t-pf
1481,371,ow-oip-tpf
1482,371,owip-tpf
1483,371,ow-oip-t-pf
1484,371,owip-t-pf
1485,372,ow-oip-tpf
1486,372,owip-tpf
1487,372,ow-oip-t-pf
1488,372,owip-t-pf
1489,373,ow-oip-tpf
1490,373,owip-tpf
1491,373,ow-oip-t-pf
1492,373,owip-t-pf
1493,374,ow-oip-tpf
1494,374,owip-tpf
1495,374,ow-oip-t-pf
1496,374,owip-t-pf
1497,375,ow-oip-tpf
1498,375,owip-tpf
1499,375,ow-oip-t-pf
1500,375,owip-t-pf
1501,376,ow-oip-tpf
1502,376,owip-tpf
1503,376,ow-oip-t-pf
1504,376,owip-t-pf
1505,377,ow-oip-tpf
1506,377,owip-tpf
1507,377,ow-oip-t-pf
1508,377,owip-t-pf
1509,378,ow-oip-tpf
1510,378,owip-tpf
1511,378,ow-oip-t-pf
1512,378,owip-t-pf
1513,379,ow-oip-tpf
1514,379,owip-tpf
1515,379,ow-oip-t-pf
1516,379,owip-t-pf
1517,380,ow-oip-tpf
1518,380,owip-tpf
1519,380,ow-oip-t-pf
1520,380,owip-t-pf
1521,381,ow-oip-tpf
1522,381,owip-tpf
1523,381,ow-oip-t-pf
1524,381,owip-t-pf
1525,382,ow-oip-tpf
1526,382,owip-tpf
1527,382,ow-oip-t-pf
1528,382,owip-t-pf
1529,383,ow-oip-tpf
1530,383,owip-tpf
1531,383,ow-oip-t-pf
1532,383,owip-t-pf
1533,384,ow-oip-tpf
1534,384,owip-tpf
1535,384,ow-oip-t-pf
1536,384,owip-t-pf
1537,385,ow-oip-tpf
1538,385,owip-tpf
1539,385,ow-oip-t-pf
1540,385,owip-t-pf
1541,386,ow-oip-tpf
1542,386,owip-tpf
1543,386,ow-oip-t-pf
1544,386,owip-t-pf
1545,387,ow-oip-tpf
1546,387,owip-tpf
1547,387,ow-oip-t-pf
1548,387,owip-t-pf
1549,388,ow-oip-tpf
1550,388,owip-tpf
1551,388,ow-oip-t-pf
1552,388,owip-t-pf
1553,389,ow-oip-tpf
1554,389,owip-tpf
1555,389,ow-oip-t-pf
1556,389,owip-t-pf
1557,390,ow-oip-tpf
1558,390,owip-tpf
1559,390,ow-oip-t-pf
1560,390,owip-t-pf
1561,391,ow-oip-tpf
1562,391,owip-tpf
1563,391,ow-oip-t-pf
1564,391,owip-t-pf
1565,392,ow-oip-tpf
1566,392,owip-tpf
1567,392,ow-oip-t-pf
1568,392,owip-t-pf
1569,393,ow-oip-tpf
1570,393,owip-tpf
1571,393,ow-oip-t-pf
1572,393,owip-t-pf
1573,394,ow-oip-tpf
1574,394,owip-tpf
1575,394,ow-oip-t-pf
1576,394,owip-t-pf
1577,395,ow-oip-tpf
1578,395,owip-tpf
1579,395,ow-oip-t-pf
1580,395,owip-t-pf
1581,396,ow-oip-tpf
1582,396,owip-tpf
1583,396,ow-oip-t-pf
1584,396,owip-t-pf
1585,397,ow-oip-tpf
1586,397,owip-tpf
1587,397,ow-oip-t-pf
1588,397,owip-t-pf
1589,398,ow-oip-tpf
1590,398,owip-tpf
1591,398,ow-oip-t-pf
1592,398,owip-t-pf
1593,399,ow-oip-tpf
1594,399,owip-tpf
1595,399,ow-oip-t-pf
1596,399,owip-t-pf
1597,400,ow-oip-tpf
1598,400,owip-tpf
1599,400,ow-oip-t-pf
1600,400,owip-t-pf
1601,401,ow-oip-tpf
1602,401,owip-tpf
1603,401,ow-oip-t-pf
1604,401,owip-t-pf
1605,402,ow-oip-tpf
1606,402,owip-tpf
1607,402,ow-oip-t-pf
1608,402,owip-t-pf
1609,403,ow-oip-tpf
1610,403,owip-tpf
1611,403,ow-oip-t-pf
1612,403,owip-t-pf
1613,404,ow-oip-tpf
1614,404,owip-tpf
1615,404,ow-oip-t-pf
1616,404,owip-t-pf
1617,405,ow-oip-tpf
1618,405,owip-tpf
1619,405,ow-oip-t-pf
1620,405,owip-t-pf
1621,406,ow-oip-tpf
1622,406,owip-tpf
1623,406,ow-oip-t-pf
1624,406,owip-t-pf
1625,407,ow-oip-tpf
1626,407,owip-tpf
1627,407,ow-oip-t-pf
1628,407,owip-t-pf
1629,408,ow-oip-tpf
1630,408,owip-tpf
1631,408,ow-oip-t-pf
1632,408,owip-t-pf
1633,409,ow-oip-tpf
1634,409,owip-tpf
1635,409,ow-oip-t-pf
1636,409,owip-t-pf
1637,410,ow-oip-tpf
1638,410,owip-tpf
1639,410,ow-oip-t-pf
1640,410,owip-t-pf
1641,411,ow-oip-tpf
1642,411,owip-tpf
1643,411,ow-oip-t-pf
1644,411,owip-t-pf
1645,412,ow-oip-tpf
1646,412,owip-tpf
1647,412,ow-oip-t-pf
1648,412,owip-t-pf
1649,413,ow-oip-tpf
1650,413,owip-tpf
1651,413,ow-oip-t-pf
1652,413,owip-t-pf
1653,414,ow-oip-tpf
1654,414,owip-tpf
1655,414,ow-oip-t-pf
1656,414,owip-t-pf
1657,415,ow-oip-tpf
1658,415,owip-tpf
1659,415,ow-oip-t-pf
1660,415,owip-t-pf
1661,416,ow-oip-tpf
1662,416,owip-tpf
1663,416,ow-oip-t-pf
1664,416,owip-t-pf
1665,417,ow-oip-tpf
1666,417,owip-tpf
1667,417,ow-oip-t-pf
1668,417,owip-t-pf
1669,418,ow-oip-tpf
1670,418,owip-tpf
1671,418,ow-oip-t-pf
1672,418,owip-t-pf
1673,419,ow-oip-tpf
1674,419,owip-tpf
1675,419,ow-oip-t-pf
1676,419,owip-t-pf
1677,420,ow-oip-tpf
1678,420,owip-tpf
1679,420,ow-oip-t-pf
1680,420,owip-t-pf
1681,421,ow-oip-tpf
1682,421,owip-tpf
1683,421,ow-oip-t-pf
1684,421,owip-t-pf
1685,422,ow-oip-tpf
1686,422,owip-tpf
1687,422,ow-oip-t-pf
1688,422,owip-t-pf
1689,423,ow-oip-tpf
1690,423,owip-tpf
1691,423,ow-oip-t-pf
1692,423,owip-t-pf
1693,424,ow-oip-tpf
1694,424,owip-tpf
1695,424,ow-oip-t-pf
1696,424,owip-t-pf
1697,425,ow-oip-tpf
1698,425,owip-tpf
1699,425,ow-oip-t-pf
1700,425,owip-t-pf
1701,426,ow-oip-tpf
1702,426,owip-tpf
1703,426,ow-oip-t-pf
1704,426,owip-t-pf
1705,427,ow-oip-tpf
1706,427,owip-tpf
1707,427,ow-oip-t-pf
1708,427,owip-t-pf
1709,428,ow-oip-tpf
1710,428,owip-tpf
1711,428,ow-oip-t-pf
1712,428,owip-t-pf
1713,429,ow-oip-tpf
1714,429,owip-tpf
1715,429,ow-oip-t-pf
1716,429,owip-t-pf
1717,430,ow-oip-tpf
1718,430,owip-tpf
1719,430,ow-oip-t-pf
1720,430,owip-t-pf
1721,431,ow-oip-tpf
1722,431,owip-tpf
1723,431,ow-oip-t-pf
1724,431,owip-t-pf
1725,432,ow-oip-tpf
1726,432,owip-tpf
1727,432,ow-oip-t-pf
1728,432,owip-t-pf
1729,433,ow-oip-tpf
1730,433,owip-tpf
1731,433,ow-oip-t-pf
1732,433,owip-t-pf
1733,434,ow-oip-tpf
1734,434,owip-tpf
1735,434,ow-oip-t-pf
1736,434,owip-t-pf
1737,435,ow-oip-tpf
1738,435,owip-tpf
1739,435,ow-oip-t-pf
1740,435,owip-t-pf
1741,436,ow-oip-tpf
1742,436,owip-tpf
1743,436,ow-oip-t-pf
1744,436,owip-t-pf
1745,437,ow-oip-tpf
1746,437,owip-tpf
1747,437,ow-oip-t-pf
1748,437,owip-t-pf
1749,438,ow-oip-tpf
1750,438,owip-tpf
1751,438,ow-oip-t-pf
1752,438,owip-t-pf
1753,439,ow-oip-tpf
1754,439,owip-tpf
1755,439,ow-oip-t-pf
1756,439,owip-t-pf
1757,440,ow-oip-tpf
1758,440,owip-tpf
1759,440,ow-oip-t-pf
1760,440,owip-t-pf
1761,441,ow-oip-tpf
1762,441,owip-tpf
1763,441,ow-oip-t-pf
1764,441,owip-t-pf
1765,442,ow-oip-tpf
1766,442,owip-tpf
1767,442,ow-oip-t-pf
1768,442,owip-t-pf
1769,443,ow-oip-tpf
1770,443,owip-tpf
1771,443,ow-oip-t-pf
1772,443,owip-t-pf
1773,444,ow-oip-tpf
1774,444,owip-tpf
1775,444,ow-oip-t-pf
1776,444,owip-t-pf
1777,445,ow-oip-tpf
1778,445,owip-tpf
1779,445,ow-oip-t-pf
1780,445,owip-t-pf
1781,446,ow-oip-tpf
1782,446,owip-tpf
1783,446,ow-oip-t-pf
1784,446,owip-t-pf
1785,447,ow-oip-tpf
1786,447,owip-tpf
1787,447,ow-oip-t-pf
1788,447,owip-t-pf
1789,448,ow-oip-tpf
1790,448,owip-tpf
1791,448,ow-oip-t-pf
1792,448,owip-t-pf
1793,449,ow-oip-tpf
1794,449,owip-tpf
1795,449,ow-oip-t-pf
1796,449,owip-t-pf
1797,450,ow-oip-tpf
1798,450,owip-tpf
1799,450,ow-oip-t-pf
1800,450,owip-t-pf
1801,451,ow-oip-tpf
1802,451,owip-tpf
1803,451,ow-oip-t-pf
1804,451,owip-t-pf
1805,452,ow-oip-tpf
1806,452,owip-tpf
1807,452,ow-oip-t-pf
1808,452,owip-t-pf
1809,453,ow-oip-tpf
1810,453,owip-tpf
1811,453,ow-oip-t-pf
1812,453,owip-t-pf
1813,454,ow-oip-tpf
1814,454,owip-tpf
1815,454,ow-oip-t-pf
1816,454,owip-t-pf
1817,455,ow-oip-tpf
1818,455,owip-tpf
1819,455,ow-oip-t-pf
1820,455,owip-t-pf
1821,456,ow-oip-tpf
1822,456,owip-tpf
1823,456,ow-oip-t-pf
1824,456,owip-t-pf
1825,457,ow-oip-tpf
1826,457,owip-tpf
1827,457,ow-oip-t-pf
1828,457,owip-t-pf
1829,458,ow-oip-tpf
1830,458,owip-tpf
1831,458,ow-oip-t-pf
1832,458,owip-t-pf
1833,459,ow-oip-tpf
1834,459,owip-tpf
1835,459,ow-oip-t-pf
1836,459,owip-t-pf
1837,460,ow-oip-tpf
1838,460,owip-tpf
1839,460,ow-oip-t-pf
1840,460,owip-t-pf
1841,461,ow-oip-tpf
1842,461,owip-tpf
1843,461,ow-oip-t-pf
1844,461,owip-t-pf
1845,462,ow-oip-tpf
1846,462,owip-tpf
1847,462,ow-oip-t-pf
1848,462,owip-t-pf
1849,463,ow-oip-tpf
1850,463,owip-tpf
1851,463,ow-oip-t-pf
1852,463,owip-t-pf
1853,464,ow-oip-tpf
1854,464,owip-tpf
1855,464,ow-oip-t-pf
1856,464,owip-t-pf
1857,465,ow-oip-tpf
1858,465,owip-tpf
1859,465,ow-oip-t-pf
1860,465,owip-t-pf
1861,466,ow-oip-tpf
1862,466,owip-tpf
1863,466,ow-oip-t-pf
1864,466,owip-t-pf
1865,467,ow-oip-tpf
1866,467,owip-tpf
1867,467,ow-oip-t-pf
1868,467,owip-t-pf
1869,468,ow-oip-tpf
1870,468,owip-tpf
1871,468,ow-oip-t-pf
1872,468,owip-t-pf
1873,469,ow-oip-tpf
1874,469,owip-tpf
1875,469,ow-oip-t-pf
1876,469,owip-t-pf
1877,470,ow-oip-tpf
1878,470,owip-tpf
1879,470,ow-oip-t-pf
1880,470,owip-t-pf
1881,471,ow-oip-tpf
1882,471,owip-tpf
1883,471,ow-oip-t-pf
1884,471,owip-t-pf
1885,472,ow-oip-tpf
1886,472,owip-tpf
1887,472,ow-oip-t-pf
1888,472,owip-t-pf
1889,473,ow-oip-tpf
1890,473,owip-tpf
1891,473,ow-oip-t-pf
1892,473,owip-t-pf
1893,474,ow-oip-tpf
1894,474,owip-tpf
1895,474,ow-oip-t-pf
1896,474,owip-t-pf
1897,475,ow-oip-tpf
1898,475,owip-tpf
1899,475,ow-oip-t-pf
1900,475,owip-t-pf
1901,476,ow-oip-tpf
1902,476,owip-tpf
1903,476,ow-oip-t-pf
1904,476,owip-t-pf
1905,477,ow-oip-tpf
1906,477,owip-tpf
1907,477,ow-oip-t-pf
1908,477,owip-t-pf
1909,478,ow-oip-tpf
1910,478,owip-tpf
1911,478,ow-oip-t-pf
1912,478,owip-t-pf
1913,479,ow-oip-tpf
1914,479,owip-tpf
1915,479,ow-oip-t-pf
1916,479,owip-t-pf
1917,480,ow-oip-tpf
1918,480,owip-tpf
1919,480,ow-oip-t-pf
1920,480,owip-t-pf
1921,481,ow-oip-tpf
1922,481,owip-tpf
1923,481,ow-oip-t-pf
1924,481,owip-t-pf
1925,482,ow-oip-tpf
1926,482,owip-tpf
1927,482,ow-oip-t-pf
1928,482,owip-t-pf
1929,483,ow-oip-tpf
1930,483,owip-tpf
1931,483,ow-oip-t-pf
1932,483,owip-t-pf
1933,484,ow-oip-tpf
1934,484,owip-tpf
1935,484,ow-oip-t-pf
1936,484,owip-t-pf
1937,485,ow-oip-tpf
1938,485,owip-tpf
1939,485,ow-oip-t-pf
1940,485,owip-t-pf
1941,486,ow-oip-tpf
1942,486,owip-tpf
1943,486,ow-oip-t-pf
1944,486,owip-t-pf
1945,487,ow-oip-tpf
1946,487,owip-tpf
1947,487,ow-oip-t-pf
1948,487,owip-t-pf
1949,488,ow-oip-tpf
1950,488,owip-tpf
1951,488,ow-oip-t-pf
1952,488,owip-t-pf
1953,489,ow-oip-tpf
1954,489,owip-tpf
1955,489,ow-oip-t-pf
1956,489,owip-t-pf
1957,490,ow-oip-tpf
1958,490,owip-tpf
1959,490,ow-oip-t-pf
1960,490,owip-t-pf
1961,491,ow-oip-tpf
1962,491,owip-tpf
1963,491,ow-oip-t-pf
1964,491,owip-t-pf
1965,492,ow-oip-tpf
1966,492,owip-tpf
1967,492,ow-oip-t-pf
1968,492,owip-t-pf
1969,493,ow-oip-tpf
1970,493,owip-tpf
1971,493,ow-oip-t-pf
1972,493,owip-t-pf
1973,494,ow-oip-tpf
1974,494,owip-tpf
1975,494,ow-oip-t-pf
1976,494,owip-t-pf
1977,495,ow-oip-tpf
1978,495,owip-tpf
1979,495,ow-oip-t-pf
1980,495,owip-t-pf
1981,496,ow-oip-tpf
1982,496,owip-tpf
1983,496,ow-oip-t-pf
1984,496,owip-t-pf
1985,497,ow-oip-tpf
1986,497,owip-tpf
1987,497,ow-oip-t-pf
1988,497,owip-t-pf
1989,498,ow-oip-tpf
1990,498,owip-tpf
1991,498,ow-oip-t-pf
1992,498,owip-t-pf
1993,499,ow-oip-tpf
1994,499,owip-tpf
1995,499,ow-oip-t-pf
1996,499,owip-t-pf
1997,500,ow-oip-tpf
1998,500,owip-tpf
1999,500,ow-oip-t-pf
2000,500,owip-t-pf
2001,501,ow-oip-tpf
2002,501,owip-tpf
2003,501,ow-oip-t-pf
2004,501,owip-t-pf
2005,502,ow-oip-tpf
2006,502,owip-tpf
2007,502,ow-oip-t-pf
2008,502,owip-t-pf
2009,503,ow-oip-tpf
2010,503,owip-tpf
2011,503,ow-oip-t-pf
2012,503,owip-t-pf
2013,504,ow-oip-tpf
2014,504,owip-tpf
2015,504,ow-oip-t-pf
2016,504,owip-t-pf
2017,505,ow-oip-tpf
2018,505,owip-tpf
2019,505,ow-oip-t-pf
2020,505,owip-t-pf
2021,506,ow-oip-tpf
2022,506,owip-tpf
2023,506,ow-oip-t-pf
2024,506,owip-t-pf
2025,507,ow-oip-tpf
2026,507,owip-tpf
2027,507,ow-oip-t-pf
2028,507,owip-t-pf
2029,508,ow-oip-tpf
2030,508,owip-tpf
2031,508,ow-oip-t-pf
2032,508,owip-t-pf
2033,509,ow-oip-tpf
2034,509,owip-tpf
2035,509,ow-oip-t-pf
2036,509,owip-t-pf
2037,510,ow-oip-tpf
2038,510,owip-tpf
2039,510,ow-oip-t-pf
2040,510,owip-t-pf
2041,511,ow-oip-tpf
2042,511,owip-tpf
2043,511,ow-oip-t-pf
2044,511,owip-t-pf
2045,512,ow-oip-tpf
2046,512,owip-tpf
2047,512,ow-oip-t-pf
2048,512,owip-t-pf
2049,513,ow-oip-tpf
2050,513,owip-tpf
2051,513,ow-oip-t-pf
2052,513,owip-t-pf
2053,514,ow-oip-tpf
2054,514,owip-tpf
2055,514,ow-oip-t-pf
2056,514,owip-t-pf
2057,515,ow-oip-tpf
2058,515,owip-tpf
2059,515,ow-oip-t-pf
2060,515,owip-t-pf
2061,516,ow-oip-tpf
2062,516,owip-tpf
2063,516,ow-oip-t-pf
2064,516,owip-t-pf
2065,517,ow-oip-tpf
2066,517,owip-tpf
2067,517,ow-oip-t-pf
2068,517,owip-t-pf
2069,518,ow-oip-tpf
2070,518,owip-tpf
2071,518,ow-oip-t-pf
2072,518,owip-t-pf
2073,519,ow-oip-tpf
2074,519,owip-tpf
2075,519,ow-oip-t-pf
2076,519,owip-t-pf
2077,520,ow-oip-tpf
2078,520,owip-tpf
2079,520,ow-oip-t-pf
2080,520,owip-t-pf
2081,521,ow-oip-tpf
2082,521,owip-tpf
2083,521,ow-oip-t-pf
2084,521,owip-t-pf
2085,522,ow-oip-tpf
2086,522,owip-tpf
2087,522,ow-oip-t-pf
2088,522,owip-t-pf
2089,523,ow-oip-tpf
2090,523,owip-tpf
2091,523,ow-oip-t-pf
2092,523,owip-t-pf
2093,524,ow-oip-tpf
2094,524,owip-tpf
2095,524,ow-oip-t-pf
2096,524,owip-t-pf
2097,525,ow-oip-tpf
2098,525,owip-tpf
2099,525,ow-oip-t-pf
2100,525,owip-t-pf
2101,526,ow-oip-tpf
2102,526,owip-tpf
2103,526,ow-oip-t-pf
2104,526,owip-t-pf
2105,527,ow-oip-tpf
2106,527,owip-tpf
2107,527,ow-oip-t-pf
2108,527,owip-t-pf
2109,528,ow-oip-tpf
2110,528,owip-tpf
2111,528,ow-oip-t-pf
2112,528,owip-t-pf
2113,529,ow-oip-tpf
2114,529,owip-tpf
2115,529,ow-oip-t-pf
2116,529,owip-t-pf
2117,530,ow-oip-tpf
2118,530,owip-tpf
2119,530,ow-oip-t-pf
2120,530,owip-t-pf
2121,531,ow-oip-tpf
2122,531,owip-tpf
2123,531,ow-oip-t-pf
2124,531,owip-t-pf
2125,532,ow-oip-tpf
2126,532,owip-tpf
2127,532,ow-oip-t-pf
2128,532,owip-t-pf
2129,533,ow-oip-tpf
2130,533,owip-tpf
2131,533,ow-oip-t-pf
2132,533,owip-t-pf
2133,534,ow-oip-tpf
2134,534,owip-tpf
2135,534,ow-oip-t-pf
2136,534,owip-t-pf
2137,535,ow-oip-tpf
2138,535,owip-tpf
2139,535,ow-oip-t-pf
2140,535,owip-t-pf
2141,536,ow-oip-tpf
2142,536,owip-tpf
2143,536,ow-oip-t-pf
2144,536,owip-t-pf
2145,537,ow-oip-tpf
2146,537,owip-tpf
2147,537,ow-oip-t-pf
2148,537,owip-t-pf
2149,538,ow-oip-tpf
2150,538,owip-tpf
2151,538,ow-oip-t-pf
2152,538,owip-t-pf
2153,539,ow-oip-tpf
2154,539,owip-tpf
2155,539,ow-oip-t-pf
2156,539,owip-t-pf
2157,540,ow-oip-tpf
2158,540,owip-tpf
2159,540,ow-oip-t-pf
2160,540,owip-t-pf
2161,541,ow-oip-tpf
2162,541,owip-tpf
2163,541,ow-oip-t-pf
2164,541,owip-t-pf
2165,542,ow-oip-tpf
2166,542,owip-tpf
2167,542,ow-oip-t-pf
2168,542,owip-t-pf
2169,543,ow-oip-tpf
2170,543,owip-tpf
2171,543,ow-oip-t-pf
2172,543,owip-t-pf
2173,544,ow-oip-tpf
2174,544,owip-tpf
2175,544,ow-oip-t-pf
2176,544,owip-t-pf
2177,545,ow-oip-tpf
2178,545,owip-tpf
2179,545,ow-oip-t-pf
2180,545,owip-t-pf
2181,546,ow-oip-tpf
2182,546,owip-tpf
2183,546,ow-oip-t-pf
2184,546,owip-t-pf
2185,547,ow-oip-tpf
2186,547,owip-tpf
2187,547,ow-oip-t-pf
2188,547,owip-t-pf
2189,548,ow-oip-tpf
2190,548,owip-tpf
2191,548,ow-oip-t-pf
2192,548,owip-t-pf
2193,549,ow-oip-tpf
2194,549,owip-tpf
2195,549,ow-oip-t-pf
2196,549,owip-t-pf
2197,550,ow-oip-tpf
2198,550,owip-tpf
2199,550,ow-oip-t-pf
2200,550,owip-t-pf
2201,551,ow-oip-tpf
2202,551,owip-tpf
2203,551,ow-oip-t-pf
2204,551,owip-t-pf
2205,552,ow-oip-tpf
2206,552,owip-tpf
2207,552,ow-oip-t-pf
2208,552,owip-t-pf
2209,553,ow-oip-tpf
2210,553,owip-tpf
2211,553,ow-oip-t-pf
2212,553,owip-t-pf
2213,554,ow-oip-tpf
2214,554,owip-tpf
2215,554,ow-oip-t-pf
2216,554,owip-t-pf
2217,555,ow-oip-tpf
2218,555,owip-tpf
2219,555,ow-oip-t-pf
2220,555,owip-t-pf
2221,556,ow-oip-tpf
2222,556,owip-tpf
2223,556,ow-oip-t-pf
2224,556,owip-t-pf
2225,557,ow-oip-tpf
2226,557,owip-tpf
2227,557,ow-oip-t-pf
2228,557,owip-t-pf
2229,558,ow-oip-tpf
2230,558,owip-tpf
2231,558,ow-oip-t-pf
2232,558,owip-t-pf
2233,559,ow-oip-tpf
2234,559,owip-tpf
2235,559,ow-oip-t-pf
2236,559,owip-t-pf
2237,560,ow-oip-tpf
2238,560,owip-tpf
2239,560,ow-oip-t-pf
2240,560,owip-t-pf
2241,561,ow-oip-tpf
2242,561,owip-tpf
2243,561,ow-oip-t-pf
2244,561,owip-t-pf
2245,562,ow-oip-tpf
2246,562,owip-tpf
2247,562,ow-oip-t-pf
2248,562,owip-t-pf
2249,563,ow-oip-tpf
2250,563,owip-tpf
2251,563,ow-oip-t-pf
2252,563,owip-t-pf
2253,564,ow-oip-tpf
2254,564,owip-tpf
2255,564,ow-oip-t-pf
2256,564,owip-t-pf
2257,565,ow-oip-tpf
2258,565,owip-tpf
2259,565,ow-oip-t-pf
2260,565,owip-t-pf
2261,566,ow-oip-tpf
2262,566,owip-tpf
2263,566,ow-oip-t-pf
2264,566,owip-t-pf
2265,567,ow-oip-tpf
2266,567,owip-tpf
2267,567,ow-oip-t-pf
2268,567,owip-t-pf
2269,568,ow-oip-tpf
2270,568,owip-tpf
2271,568,ow-oip-t-pf
2272,568,owip-t-pf
2273,569,ow-oip-tpf
2274,569,owip-tpf
2275,569,ow-oip-t-pf
2276,569,owip-t-pf
2277,570,ow-oip-tpf
2278,570,owip-tpf
2279,570,ow-oip-t-pf
2280,570,owip-t-pf
2281,571,ow-oip-tpf
2282,571,owip-tpf
2283,571,ow-oip-t-pf
2284,571,owip-t-pf
2285,572,ow-oip-tpf
2286,572,owip-tpf
2287,572,ow-oip-t-pf
2288,572,owip-t-pf
2289,573,ow-oip-tpf
2290,573,owip-tpf
2291,573,ow-oip-t-pf
2292,573,owip-t-pf
2293,574,ow-oip-tpf
2294,574,owip-tpf
2295,574,ow-oip-t-pf
2296,574,owip-t-pf
2297,575,ow-oip-tpf
2298,575,owip-tpf
2299,575,ow-oip-t-pf
2300,575,owip-t-pf
2301,576,ow-oip-tpf
2302,576,owip-tpf
2303,576,ow-oip-t-pf
2304,576,owip-t-pf
2305,577,ow-oip-tpf
2306,577,owip-tpf
2307,577,ow-oip-t-pf
2308,577,owip-t-pf
2309,578,ow-oip-tpf
2310,578,owip-tpf
2311,578,ow-oip-t-pf
2312,578,owip-t-pf
2313,579,ow-oip-tpf
2314,579,owip-tpf
2315,579,ow-oip-t-pf
2316,579,owip-t-pf
2317,580,ow-oip-tpf
2318,580,owip-tpf
2319,580,ow-oip-t-pf
2320,580,owip-t-pf
2321,581,ow-oip-tpf
2322,581,owip-tpf
2323,581,ow-oip-t-pf
2324,581,owip-t-pf
2325,582,ow-oip-tpf
2326,582,owip-tpf
2327,582,ow-oip-t-pf
2328,582,owip-t-pf
2329,583,ow-oip-tpf
2330,583,owip-tpf
2331,583,ow-oip-t-pf
2332,583,owip-t-pf
2333,584,ow-oip-tpf
2334,584,owip-tpf
2335,584,ow-oip-t-pf
2336,584,owip-t-pf
2337,585,ow-oip-tpf
2338,585,owip-tpf
2339,585,ow-oip-t-pf
2340,585,owip-t-pf
2341,586,ow-oip-tpf
2342,586,owip-tpf
2343,586,ow-oip-t-pf
2344,586,owip-t-pf
2345,587,ow-oip-tpf
2346,587,owip-tpf
2347,587,ow-oip-t-pf
2348,587,owip-t-pf
2349,588,ow-oip-tpf
2350,588,owip-tpf
2351,588,ow-oip-t-pf
2352,588,owip-t-pf
2353,589,ow-oip-tpf
2354,589,owip-tpf
2355,589,ow-oip-t-pf
2356,589,owip-t-pf
2357,590,ow-oip-tpf
2358,590,owip-tpf
2359,590,ow-oip-t-pf
2360,590,owip-t-pf
2361,591,ow-oip-tpf
2362,591,owip-tpf
2363,591,ow-oip-t-pf
2364,591,owip-t-pf
2365,592,ow-oip-tpf
2366,592,owip-tpf
2367,592,ow-oip-t-pf
2368,592,owip-t-pf
2369,593,ow-oip-tpf
2370,593,owip-tpf
2371,593,ow-oip-t-pf
2372,593,owip-t-pf
2373,594,ow-oip-tpf
2374,594,owip-tpf
2375,594,ow-oip-t-pf
2376,594,owip-t-pf
2377,595,ow-oip-tpf
2378,595,owip-tpf
2379,595,ow-oip-t-pf
2380,595,owip-t-pf
2381,596,ow-oip-tpf
2382,596,owip-tpf
2383,596,ow-oip-t-pf
2384,596,owip-t-pf
2385,597,ow-oip-tpf
2386,597,owip-tpf
2387,597,ow-oip-t-pf
2388,597,owip-t-pf
2389,598,ow-oip-tpf
2390,598,owip-tpf
2391,598,ow-oip-t-pf
2392,598,owip-t-pf
2393,599,ow-oip-tpf
2394,599,owip-tpf
2395,599,ow-oip-t-pf
2396,599,owip-t-pf
2397,600,ow-oip-tpf
2398,600,owip-tpf
2399,600,ow-oip-t-pf
2400,600,owip-t-pf
2401,601,ow-oip-tpf
2402,601,owip-tpf
2403,601,ow-oip-t-pf
2404,601,owip-t-pf
2405,602,ow-oip-tpf
2406,602,owip-tpf
2407,602,ow-oip-t-pf
2408,602,owip-t-pf
2409,603,ow-oip-tpf
2410,603,owip-tpf
2411,603,ow-oip-t-pf
2412,603,owip-t-pf
2413,604,ow-oip-tpf
2414,604,owip-tpf
2415,604,ow-oip-t-pf
2416,604,owip-t-pf
2417,605,ow-oip-tpf
2418,605,owip-tpf
2419,605,ow-oip-t-pf
2420,605,owip-t-pf
2421,606,ow-oip-tpf
2422,606,owip-tpf
2423,606,ow-oip-t-pf
2424,606,owip-t-pf
2425,607,ow-oip-tpf
2426,607,owip-tpf
2427,607,ow-oip-t-pf
2428,607,owip-t-pf
2429,608,ow-oip-tpf
2430,608,owip-tpf
2431,608,ow-oip-t-pf
2432,608,owip-t-pf
2433,609,ow-oip-tpf
2434,609,owip-tpf
2435,609,ow-oip-t-pf
2436,609,owip-t-pf
2437,610,ow-oip-tpf
2438,610,owip-tpf
2439,610,ow-oip-t-pf
2440,610,owip-t-pf
2441,611,ow-oip-tpf
2442,611,owip-tpf
2443,611,ow-oip-t-pf
2444,611,owip-t-pf
2445,612,ow-oip-tpf
2446,612,owip-tpf
2447,612,ow-oip-t-pf
2448,612,owip-t-pf
2449,613,ow-oip-tpf
2450,613,owip-tpf
2451,613,ow-oip-t-pf
2452,613,owip-t-pf
2453,614,ow-oip-tpf
2454,614,owip-tpf
2455,614,ow-oip-t-pf
2456,614,owip-t-pf
2457,615,ow-oip-tpf
2458,615,owip-tpf
2459,615,ow-oip-t-pf
2460,615,owip-t-pf
2461,616,ow-oip-tpf
2462,616,owip-tpf
2463,616,ow-oip-t-pf
2464,616,owip-t-pf
2465,617,ow-oip-tpf
2466,617,owip-tpf
2467,617,ow-oip-t-pf
2468,617,owip-t-pf
2469,618,ow-oip-tpf
2470,618,owip-tpf
2471,618,ow-oip-t-pf
2472,618,owip-t-pf
2473,619,ow-oip-tpf
2474,619,owip-tpf
2475,619,ow-oip-t-pf
2476,619,owip-t-pf
2477,620,ow-oip-tpf
2478,620,owip-tpf
2479,620,ow-oip-t-pf
2480,620,owip-t-pf
2481,621,ow-oip-tpf
2482,621,owip-tpf
2483,621,ow-oip-t-pf
2484,621,owip-t-pf
2485,622,ow-oip-tpf
2486,622,owip-tpf
2487,622,ow-oip-t-pf
2488,622,owip-t-pf
2489,623,ow-oip-tpf
2490,623,owip-tpf
2491,623,ow-oip-t-pf
2492,623,owip-t-pf
2493,624,ow-oip-tpf
2494,624,owip-tpf
2495,624,ow-oip-t-pf
2496,624,owip-t-pf
2497,625,ow-oip-tpf
2498,625,owip-tpf
2499,625,ow-oip-t-pf
2500,625,owip-t-pf
2501,626,ow-oip-tpf
2502,626,owip-tpf
2503,626,ow-oip-t-pf
2504,626,owip-t-pf
2505,627,ow-oip-tpf
2506,627,owip-tpf
2507,627,ow-oip-t-pf
2508,627,owip-t-pf
2509,628,ow-oip-tpf
2510,628,owip-tpf
2511,628,ow-oip-t-pf
2512,628,owip-t-pf
2513,629,ow-oip-tpf
2514,629,owip-tpf
2515,629,ow-oip-t-pf
2516,629,owip-t-pf
2517,630,ow-oip-tpf
2518,630,owip-tpf
2519,630,ow-oip-t-pf
2520,630,owip-t-pf
2521,631,ow-oip-tpf
2522,631,owip-tpf
2523,631,ow-oip-t-pf
2524,631,owip-t-pf
2525,632,ow-oip-tpf
2526,632,owip-tpf
2527,632,ow-oip-t-pf
2528,632,owip-t-pf
2529,633,ow-oip-tpf
2530,633,owip-tpf
2531,633,ow-oip-t-pf
2532,633,owip-t-pf
2533,634,ow-oip-tpf
2534,634,owip-tpf
2535,634,ow-oip-t-pf
2536,634,owip-t-pf
2537,635,ow-oip-tpf
2538,635,owip-tpf
2539,635,ow-oip-t-pf
2540,635,owip-t-pf
2541,636,ow-oip-tpf
2542,636,owip-tpf
2543,636,ow-oip-t-pf
2544,636,owip-t-pf
2545,637,ow-oip-tpf
2546,637,owip-tpf
2547,637,ow-oip-t-pf
2548,637,owip-t-pf
2549,638,ow-oip-tpf
2550,638,owip-tpf
2551,638,ow-oip-t-pf
2552,638,owip-t-pf
2553,639,ow-oip-tpf
2554,639,owip-tpf
2555,639,ow-oip-t-pf
2556,639,owip-t-pf
2557,640,ow-oip-tpf
2558,640,owip-tpf
2559,640,ow-oip-t-pf
2560,640,owip-t-pf
2561,641,ow-oip-tpf
2562,641,owip-tpf
2563,641,ow-oip-t-pf
2564,641,owip-t-pf
2565,642,ow-oip-tpf
2566,642,owip-tpf
2567,642,ow-oip-t-pf
2568,642,owip-t-pf
2569,643,ow-oip-tpf
2570,643,owip-tpf
2571,643,ow-oip-t-pf
2572,643,owip-t-pf
2573,644,ow-oip-tpf
2574,644,owip-tpf
2575,644,ow-oip-t-pf
2576,644,owip-t-pf
2577,645,ow-oip-tpf
2578,645,owip-tpf
2579,645,ow-oip-t-pf
2580,645,owip-t-pf
2581,646,ow-oip-tpf
2582,646,owip-tpf
2583,646,ow-oip-t-pf
2584,646,owip-t-pf
2585,647,ow-oip-tpf
2586,647,owip-tpf
2587,647,ow-oip-t-pf
2588,647,owip-t-pf
2589,648,ow-oip-tpf
2590,648,owip-tpf
2591,648,ow-oip-t-pf
2592,648,owip-t-pf
2593,649,ow-oip-tpf
2594,649,owip-tpf
2595,649,ow-oip-t-pf
2596,649,owip-t-pf
2597,650,ow-oip-tpf
2598,650,owip-tpf
2599,650,ow-oip-t-pf
2600,650,owip-t-pf
2601,651,ow-oip-tpf
2602,651,owip-tpf
2603,651,ow-oip-t-pf
2604,651,owip-t-pf
2605,652,ow-oip-tpf
2606,652,owip-tpf
2607,652,ow-oip-t-pf
2608,652,owip-t-pf
2609,653,ow-oip-tpf
2610,653,owip-tpf
2611,653,ow-oip-t-pf
2612,653,owip-t-pf
2613,654,ow-oip-tpf
2614,654,owip-tpf
2615,654,ow-oip-t-pf
2616,654,owip-t-pf
2617,655,ow-oip-tpf
2618,655,owip-tpf
2619,655,ow-oip-t-pf
2620,655,owip-t-pf
2621,656,ow-oip-tpf
2622,656,owip-tpf
2623,656,ow-oip-t-pf
2624,656,owip-t-pf
2625,657,ow-oip-tpf
2626,657,owip-tpf
2627,657,ow-oip-t-pf
2628,657,owip-t-pf
2629,658,ow-oip-tpf
2630,658,owip-tpf
2631,658,ow-oip-t-pf
2632,658,owip-t-pf
2633,659,ow-oip-tpf
2634,659,owip-tpf
2635,659,ow-oip-t-pf
2636,659,owip-t-pf
2637,660,ow-oip-tpf
2638,660,owip-tpf
2639,660,ow-oip-t-pf
2640,660,owip-t-pf
2641,661,ow-oip-tpf
2642,661,owip-tpf
2643,661,ow-oip-t-pf
2644,661,owip-t-pf
2645,662,ow-oip-tpf
2646,662,owip-tpf
2647,662,ow-oip-t-pf
2648,662,owip-t-pf
2649,663,ow-oip-tpf
2650,663,owip-tpf
2651,663,ow-oip-t-pf
2652,663,owip-t-pf
2653,664,ow-oip-tpf
2654,664,owip-tpf
2655,664,ow-oip-t-pf
2656,664,owip-t-pf
2657,665,ow-oip-tpf
2658,665,owip-tpf
2659,665,ow-oip-t-pf
2660,665,owip-t-pf
2661,666,ow-oip-tpf
2662,666,owip-tpf
2663,666,ow-oip-t-pf
2664,666,owip-t-pf
2665,667,ow-oip-tpf
2666,667,owip-tpf
2667,667,ow-oip-t-pf
2668,667,owip-t-pf
2669,668,ow-oip-tpf
2670,668,owip-tpf
2671,668,ow-oip-t-pf
2672,668,owip-t-pf
2673,669,ow-oip-tpf
2674,669,owip-tpf
2675,669,ow-oip-t-pf
2676,669,owip-t-pf
2677,670,ow-oip-tpf
2678,670,owip-tpf
2679,670,ow-oip-t-pf
2680,670,owip-t-pf
2681,671,ow-oip-tpf
2682,671,owip-tpf
2683,671,ow-oip-t-pf
2684,671,owip-t-pf
2685,672,ow-oip-tpf
2686,672,owip-tpf
2687,672,ow-oip-t-pf
2688,672,owip-t-pf
2689,673,ow-oip-tpf
2690,673,owip-tpf
2691,673,ow-oip-t-pf
2692,673,owip-t-pf
2693,674,ow-oip-tpf
2694,674,owip-tpf
2695,674,ow-oip-t-pf
2696,674,owip-t-pf
2697,675,ow-oip-tpf
2698,675,owip-tpf
2699,675,ow-oip-t-pf
2700,675,owip-t-pf
2701,676,ow-oip-tpf
2702,676,owip-tpf
2703,676,ow-oip-t-pf
2704,676,owip-t-pf
2705,677,ow-oip-tpf
2706,677,owip-tpf
2707,677,ow-oip-t-pf
2708,677,owip-t-pf
2709,678,ow-oip-tpf
2710,678,owip-tpf
2711,678,ow-oip-t-pf
2712,678,owip-t-pf
2713,679,ow-oip-tpf
2714,679,owip-tpf
2715,679,ow-oip-t-pf
2716,679,owip-t-pf
2717,680,ow-oip-tpf
2718,680,owip-tpf
2719,680,ow-oip-t-pf
2720,680,owip-t-pf
2721,681,ow-oip-tpf
2722,681,owip-tpf
2723,681,ow-oip-t-pf
2724,681,owip-t-pf
2725,682,ow-oip-tpf
2726,682,owip-tpf
2727,682,ow-oip-t-pf
2728,682,owip-t-pf
2729,683,ow-oip-tpf
2730,683,owip-tpf
2731,683,ow-oip-t-pf
2732,683,owip-t-pf
2733,684,ow-oip-tpf
2734,684,owip-tpf
2735,684,ow-oip-t-pf
2736,684,owip-t-pf
2737,685,ow-oip-tpf
2738,685,owip-tpf
2739,685,ow-oip-t-pf
2740,685,owip-t-pf
2741,686,ow-oip-tpf
2742,686,owip-tpf
2743,686,ow-oip-t-pf
2744,686,owip-t-pf
2745,687,ow-oip-tpf
2746,687,owip-tpf
2747,687,ow-oip-t-pf
2748,687,owip-t-pf
2749,688,ow-oip-tpf
2750,688,owip-tpf
2751,688,ow-oip-t-pf
2752,688,owip-t-pf
2753,689,ow-oip-tpf
2754,689,owip-tpf
2755,689,ow-oip-t-pf
2756,689,owip-t-pf
2757,690,ow-oip-tpf
2758,690,owip-tpf
2759,690,ow-oip-t-pf
2760,690,owip-t-pf
2761,691,ow-oip-tpf
2762,691,owip-tpf
2763,691,ow-oip-t-pf
2764,691,owip-t-pf
2765,692,ow-oip-tpf
2766,692,owip-tpf
2767,692,ow-oip-t-pf
2768,692,owip-t-pf
2769,693,ow-oip-tpf
2770,693,owip-tpf
2771,693,ow-oip-t-pf
2772,693,owip-t-pf
2773,694,ow-oip-tpf
2774,694,owip-tpf
2775,694,ow-oip-t-pf
2776,694,owip-t-pf
2777,695,ow-oip-tpf
2778,695,owip-tpf
2779,695,ow-oip-t-pf
2780,695,owip-t-pf
2781,696,ow-oip-tpf
2782,696,owip-tpf
2783,696,ow-oip-t-pf
2784,696,owip-t-pf
2785,697,ow-oip-tpf
2786,697,owip-tpf
2787,697,ow-oip-t-pf
2788,697,owip-t-pf
2789,698,ow-oip-tpf
2790,698,owip-tpf
2791,698,ow-oip-t-pf
2792,698,owip-t-pf
2793,699,ow-oip-tpf
2794,699,owip-tpf
2795,699,ow-oip-t-pf
2796,699,owip-t-pf
2797,700,ow-oip-tpf
2798,700,owip-tpf
2799,700,ow-oip-t-pf
2800,700,owip-t-pf
2801,701,ow-oip-tpf
2802,701,owip-tpf
2803,701,ow-oip-t-pf
2804,701,owip-t-pf
2805,702,ow-oip-tpf
2806,702,owip-tpf
2807,702,ow-oip-t-pf
2808,702,owip-t-pf
2809,703,ow-oip-tpf
2810,703,owip-tpf
2811,703,ow-oip-t-pf
2812,703,owip-t-pf
2813,704,ow-oip-tpf
2814,704,owip-tpf
2815,704,ow-oip-t-pf
2816,704,owip-t-pf
2817,705,ow-oip-tpf
2818,705,owip-tpf
2819,705,ow-oip-t-pf
2820,705,owip-t-pf
2821,706,ow-oip-tpf
2822,706,owip-tpf
2823,706,ow-oip-t-pf
2824,706,owip-t-pf
2825,707,ow-oip-tpf
2826,707,owip-tpf
2827,707,ow-oip-t-pf
2828,707,owip-t-pf
2829,708,ow-oip-tpf
2830,708,owip-tpf
2831,708,ow-oip-t-pf
2832,708,owip-t-pf
2833,709,ow-oip-tpf
2834,709,owip-tpf
2835,709,ow-oip-t-pf
2836,709,owip-t-pf
2837,710,ow-oip-tpf
2838,710,owip-tpf
2839,710,ow-oip-t-pf
2840,710,owip-t-pf
2841,711,ow-oip-tpf
2842,711,owip-tpf
2843,711,ow-oip-t-pf
2844,711,owip-t-pf
2845,712,ow-oip-tpf
2846,712,owip-tpf
2847,712,ow-oip-t-pf
2848,712,owip-t-pf
2849,713,ow-oip-tpf
2850,713,owip-tpf
2851,713,ow-oip-t-pf
2852,713,owip-t-pf
2853,714,ow-oip-tpf
2854,714,owip-tpf
2855,714,ow-oip-t-pf
2856,714,owip-t-pf
2857,715,ow-oip-tpf
2858,715,owip-tpf
2859,715,ow-oip-t-pf
2860,715,owip-t-pf
2861,716,ow-oip-tpf
2862,716,owip-tpf
2863,716,ow-oip-t-pf
2864,716,owip-t-pf
2865,717,ow-oip-tpf
2866,717,owip-tpf
2867,717,ow-oip-t-pf
2868,717,owip-t-pf
2869,718,ow-oip-tpf
2870,718,owip-tpf
2871,718,ow-oip-t-pf
2872,718,owip-t-pf
2873,719,ow-oip-tpf
2874,719,owip-tpf
2875,719,ow-oip-t-pf
2876,719,owip-t-pf
2877,720,ow-oip-tpf
2878,720,owip-tpf
2879,720,ow-oip-t-pf
2880,720,owip-t-pf
2881,721,ow-oip-tpf
2882,721,owip-tpf
2883,721,ow-oip-t-pf
2884,721,owip-t-pf
2885,722,ow-oip-tpf
2886,722,owip-tpf
2887,722,ow-oip-t-pf
2888,722,owip-t-pf
2889,723,ow-oip-tpf
2890,723,owip-tpf
2891,723,ow-oip-t-pf
2892,723,owip-t-pf
2893,724,ow-oip-tpf
2894,724,owip-tpf
2895,724,ow-oip-t-pf
2896,724,owip-t-pf
2897,725,ow-oip-tpf
2898,725,owip-tpf
2899,725,ow-oip-t-pf
2900,725,owip-t-pf
2901,726,ow-oip-tpf
2902,726,owip-tpf
2903,726,ow-oip-t-pf
2904,726,owip-t-pf
2905,727,ow-oip-tpf
2906,727,owip-tpf
2907,727,ow-oip-t-pf
2908,727,owip-t-pf
2909,728,ow-oip-tpf
2910,728,owip-tpf
2911,728,ow-oip-t-pf
2912,728,owip-t-pf
2913,729,ow-oip-tpf
2914,729,owip-tpf
2915,729,ow-oip-t-pf
2916,729,owip-t-pf
2917,730,ow-oip-tpf
2918,730,owip-tpf
2919,730,ow-oip-t-pf
2920,730,owip-t-pf
2921,731,ow-oip-tpf
2922,731,owip-tpf
2923,731,ow-oip-t-pf
2924,731,owip-t-pf
2925,732,ow-oip-tpf
2926,732,owip-tpf
2927,732,ow-oip-t-pf
2928,732,owip-t-pf
2929,733,ow-oip-tpf
2930,733,owip-tpf
2931,733,ow-oip-t-pf
2932,733,owip-t-pf
2933,734,ow-oip-tpf
2934,734,owip-tpf
2935,734,ow-oip-t-pf
2936,734,owip-t-pf
2937,735,ow-oip-tpf
2938,735,owip-tpf
2939,735,ow-oip-t-pf
2940,735,owip-t-pf
2941,736,ow-oip-tpf
2942,736,owip-tpf
2943,736,ow-oip-t-pf
2944,736,owip-t-pf
2945,737,ow-oip-tpf
2946,737,owip-tpf
2947,737,ow-oip-t-pf
2948,737,owip-t-pf
2949,738,ow-oip-tpf
2950,738,owip-tpf
2951,738,ow-oip-t-pf
2952,738,owip-t-pf
2953,739,ow-oip-tpf
2954,739,owip-tpf
2955,739,ow-oip-t-pf
2956,739,owip-t-pf
2957,740,ow-oip-tpf
2958,740,owip-tpf
2959,740,ow-oip-t-pf
2960,740,owip-t-pf
2961,741,ow-oip-tpf
2962,741,owip-tpf
2963,741,ow-oip-t-pf
2964,741,owip-t-pf
2965,742,ow-oip-tpf
2966,742,owip-tpf
2967,742,ow-oip-t-pf
2968,742,owip-t-pf
2969,743,ow-oip-tpf
2970,743,owip-tpf
2971,743,ow-oip-t-pf
2972,743,owip-t-pf
2973,744,ow-oip-tpf
2974,744,owip-tpf
2975,744,ow-oip-t-pf
2976,744,owip-t-pf
2977,745,ow-oip-tpf
2978,745,owip-tpf
2979,745,ow-oip-t-pf
2980,745,owip-t-pf
2981,746,ow-oip-tpf
2982,746,owip-tpf
2983,746,ow-oip-t-pf
2984,746,owip-t-pf
2985,747,ow-oip-tpf
2986,747,owip-tpf
2987,747,ow-oip-t-pf
2988,747,owip-t-pf
2989,748,ow-oip-tpf
2990,748,owip-tpf
2991,748,ow-oip-t-pf
2992,748,owip-t-pf
2993,749,ow-oip-tpf
2994,749,owip-tpf
2995,749,ow-oip-t-pf
2996,749,owip-t-pf
2997,750,ow-oip-tpf
2998,750,owip-tpf
2999,750,ow-oip-t-pf
3000,750,owip-t-pf
3001,751,ow-oip-tpf
3002,751,owip-tpf
3003,751,ow-oip-t-pf
3004,751,owip-t-pf
3005,752,ow-oip-tpf
3006,752,owip-tpf
3007,752,ow-oip-t-pf
3008,752,owip-t-pf
3009,753,ow-oip-tpf
3010,753,owip-tpf
3011,753,ow-oip-t-pf
3012,753,owip-t-pf
3013,754,ow-oip-tpf
3014,754,owip-tpf
3015,754,ow-oip-t-pf
3016,754,owip-t-pf
3017,755,ow-oip-tpf
3018,755,owip-tpf
3019,755,ow-oip-t-pf
3020,755,owip-t-pf
3021,756,ow-oip-tpf
3022,756,owip-tpf
3023,756,ow-oip-t-pf
3024,756,owip-t-pf
3025,757,ow-oip-tpf
3026,757,owip-tpf
3027,757,ow-oip-t-pf
3028,757,owip-t-pf
3029,758,ow-oip-tpf
3030,758,owip-tpf
3031,758,ow-oip-t-pf
3032,758,owip-t-pf
3033,759,ow-oip-tpf
3034,759,owip-tpf
3035,759,ow-oip-t-pf
3036,759,owip-t-pf
3037,760,ow-oip-tpf
3038,760,owip-tpf
3039,760,ow-oip-t-pf
3040,760,owip-t-pf
3041,761,ow-oip-tpf
3042,761,owip-tpf
3043,761,ow-oip-t-pf
3044,761,owip-t-pf
3045,762,ow-oip-tpf
3046,762,owip-tpf
3047,762,ow-oip-t-pf
3048,762,owip-t-pf
3049,763,ow-oip-tpf
3050,763,owip-tpf
3051,763,ow-oip-t-pf
3052,763,owip-t-pf
3053,764,ow-oip-tpf
3054,764,owip-tpf
3055,764,ow-oip-t-pf
3056,764,owip-t-pf
3057,765,ow-oip-tpf
3058,765,owip-tpf
3059,765,ow-oip-t-pf
3060,765,owip-t-pf
3061,766,ow-oip-tpf
3062,766,owip-tpf
3063,766,ow-oip-t-pf
3064,766,owip-t-pf
3065,767,ow-oip-tpf
3066,767,owip-tpf
3067,767,ow-oip-t-pf
3068,767,owip-t-pf
3069,768,ow-oip-tpf
3070,768,owip-tpf
3071,768,ow-oip-t-pf
3072,768,owip-t-pf
3073,769,ow-oip-tpf
3074,769,owip-tpf
3075,769,ow-oip-t-pf
3076,769,owip-t-pf
3077,770,ow-oip-tpf
3078,770,owip-tpf
3079,770,ow-oip-t-pf
3080,770,owip-t-pf
3081,771,ow-oip-tpf
3082,771,owip-tpf
3083,771,ow-oip-t-pf
3084,771,owip-t-pf
3085,772,ow-oip-tpf
3086,772,owip-tpf
3087,772,ow-oip-t-pf
3088,772,owip-t-pf
3089,773,ow-oip-tpf
3090,773,owip-tpf
3091,773,ow-oip-t-pf
3092,773,owip-t-pf
3093,774,ow-oip-tpf
3094,774,owip-tpf
3095,774,ow-oip-t-pf
3096,774,owip-t-pf
3097,775,ow-oip-tpf
3098,775,owip-tpf
3099,775,ow-oip-t-pf
3100,775,owip-t-pf
3101,776,ow-oip-tpf
3102,776,owip-tpf
3103,776,ow-oip-t-pf
3104,776,owip-t-pf
3105,777,ow-oip-tpf
3106,777,owip-tpf
3107,777,ow-oip-t-pf
3108,777,owip-t-pf
3109,778,ow-oip-tpf
3110,778,owip-tpf
3111,778,ow-oip-t-pf
3112,778,owip-t-pf
3113,779,ow-oip-tpf
3114,779,owip-tpf
3115,779,ow-oip-t-pf
3116,779,owip-t-pf
3117,780,ow-oip-tpf
3118,780,owip-tpf
3119,780,ow-oip-t-pf
3120,780,owip-t-pf
3121,781,ow-oip-tpf
3122,781,owip-tpf
3123,781,ow-oip-t-pf
3124,781,owip-t-pf
3125,782,ow-oip-tpf
3126,782,owip-tpf
3127,782,ow-oip-t-pf
3128,782,owip-t-pf
3129,783,ow-oip-tpf
3130,783,owip-tpf
3131,783,ow-oip-t-pf
3132,783,owip-t-pf
3133,784,ow-oip-tpf
3134,784,owip-tpf
3135,784,ow-oip-t-pf
3136,784,owip-t-pf
3137,785,ow-oip-tpf
3138,785,owip-tpf
3139,785,ow-oip-t-pf
3140,785,owip-t-pf
3141,786,ow-oip-tpf
3142,786,owip-tpf
3143,786,ow-oip-t-pf
3144,786,owip-t-pf
3145,787,ow-oip-tpf
3146,787,owip-tpf
3147,787,ow-oip-t-pf
3148,787,owip-t-pf
3149,788,ow-oip-tpf
3150,788,owip-tpf
3151,788,ow-oip-t-pf
3152,788,owip-t-pf
3153,789,ow-oip-tpf
3154,789,owip-tpf
3155,789,ow-oip-t-pf
3156,789,owip-t-pf
3157,790,ow-oip-tpf
3158,790,owip-tpf
3159,790,ow-oip-t-pf
3160,790,owip-t-pf
3161,791,ow-oip-tpf
3162,791,owip-tpf
3163,791,ow-oip-t-pf
3164,791,owip-t-pf
3165,792,ow-oip-tpf
3166,792,owip-tpf
3167,792,ow-oip-t-pf
3168,792,owip-t-pf
3169,793,ow-oip-tpf
3170,793,owip-tpf
3171,793,ow-oip-t-pf
3172,793,owip-t-pf
3173,794,ow-oip-tpf
3174,794,owip-tpf
3175,794,ow-oip-t-pf
3176,794,owip-t-pf
3177,795,ow-oip-tpf
3178,795,owip-tpf
3179,795,ow-oip-t-pf
3180,795,owip-t-pf
3181,796,ow-oip-tpf
3182,796,owip-tpf
3183,796,ow-oip-t-pf
3184,796,owip-t-pf
3185,797,ow-oip-tpf
3186,797,owip-tpf
3187,797,ow-oip-t-pf
3188,797,owip-t-pf
3189,798,ow-oip-tpf
3190,798,owip-tpf
3191,798,ow-oip-t-pf
3192,798,owip-t-pf
3193,799,ow-oip-tpf
3194,799,owip-tpf
3195,799,ow-oip-t-pf
3196,799,owip-t-pf
3197,800,ow-oip-tpf
3198,800,owip-tpf
3199,800,ow-oip-t-pf
3200,800,owip-t-pf
3201,801,ow-oip-tpf
3202,801,owip-tpf
3203,801,ow-oip-t-pf
3204,801,owip-t-pf
3205,802,ow-oip-tpf
3206,802,owip-tpf
3207,802,ow-oip-t-pf
3208,802,owip-t-pf
3209,803,ow-oip-tpf
3210,803,owip-tpf
3211,803,ow-oip-t-pf
3212,803,owip-t-pf
3213,804,ow-oip-tpf
3214,804,owip-tpf
3215,804,ow-oip-t-pf
3216,804,owip-t-pf
3217,805,ow-oip-tpf
3218,805,owip-tpf
3219,805,ow-oip-t-pf
3220,805,owip-t-pf
3221,806,ow-oip-tpf
3222,806,owip-tpf
3223,806,ow-oip-t-pf
3224,806,owip-t-pf
3225,807,ow-oip-tpf
3226,807,owip-tpf
3227,807,ow-oip-t-pf
3228,807,owip-t-pf
3229,808,ow-oip-tpf
3230,808,owip-tpf
3231,808,ow-oip-t-pf
3232,808,owip-t-pf
3233,809,ow-oip-tpf
3234,809,owip-tpf
3235,809,ow-oip-t-pf
3236,809,owip-t-pf
3237,810,ow-oip-tpf
3238,810,owip-tpf
3239,810,ow-oip-t-pf
3240,810,owip-t-pf
3241,811,ow-oip-tpf
3242,811,owip-tpf
3243,811,ow-oip-t-pf
3244,811,owip-t-pf
3245,812,ow-oip-tpf
3246,812,owip-tpf
3247,812,ow-oip-t-pf
3248,812,owip-t-pf
3249,813,ow-oip-tpf
3250,813,owip-tpf
3251,813,ow-oip-t-pf
3252,813,owip-t-pf
3253,814,ow-oip-tpf
3254,814,owip-tpf
3255,814,ow-oip-t-pf
3256,814,owip-t-pf
3257,815,ow-oip-tpf
3258,815,owip-tpf
3259,815,ow-oip-t-pf
3260,815,owip-t-pf
3261,816,ow-oip-tpf
3262,816,owip-tpf
3263,816,ow-oip-t-pf
3264,816,owip-t-pf
3265,817,ow-oip-tpf
3266,817,owip-tpf
3267,817,ow-oip-t-pf
3268,817,owip-t-pf
3269,818,ow-oip-tpf
3270,818,owip-tpf
3271,818,ow-oip-t-pf
3272,818,owip-t-pf
3273,819,ow-oip-tpf
3274,819,owip-tpf
3275,819,ow-oip-t-pf
3276,819,owip-t-pf
3277,820,ow-oip-tpf
3278,820,owip-tpf
3279,820,ow-oip-t-pf
3280,820,owip-t-pf
3281,821,ow-oip-tpf
3282,821,owip-tpf
3283,821,ow-oip-t-pf
3284,821,owip-t-pf
3285,822,ow-oip-tpf
3286,822,owip-tpf
3287,822,ow-oip-t-pf
3288,822,owip-t-pf
3289,823,ow-oip-tpf
3290,823,owip-tpf
3291,823,ow-oip-t-pf
3292,823,owip-t-pf
3293,824,ow-oip-tpf
3294,824,owip-tpf
3295,824,ow-oip-t-pf
3296,824,owip-t-pf
3297,825,ow-oip-tpf
3298,825,owip-tpf
3299,825,ow-oip-t-pf
3300,825,owip-t-pf
3301,826,ow-oip-tpf
3302,826,owip-tpf
3303,826,ow-oip-t-pf
3304,826,owip-t-pf
3305,827,ow-oip-tpf
3306,827,owip-tpf
3307,827,ow-oip-t-pf
3308,827,owip-t-pf
3309,828,ow-oip-tpf
3310,828,owip-tpf
3311,828,ow-oip-t-pf
3312,828,owip-t-pf
3313,829,ow-oip-tpf
3314,829,owip-tpf
3315,829,ow-oip-t-pf
3316,829,owip-t-pf
3317,830,ow-oip-tpf
3318,830,owip-tpf
3319,830,ow-oip-t-pf
3320,830,owip-t-pf
3321,831,ow-oip-tpf
3322,831,owip-tpf
3323,831,ow-oip-t-pf
3324,831,owip-t-pf
3325,832,ow-oip-tpf
3326,832,owip-tpf
3327,832,ow-oip-t-pf
3328,832,owip-t-pf
3329,833,ow-oip-tpf
3330,833,owip-tpf
3331,833,ow-oip-t-pf
3332,833,owip-t-pf
3333,834,ow-oip-tpf
3334,834,owip-tpf
3335,834,ow-oip-t-pf
3336,834,owip-t-pf
3337,835,ow-oip-tpf
3338,835,owip-tpf
3339,835,ow-oip-t-pf
3340,835,owip-t-pf
3341,836,ow-oip-tpf
3342,836,owip-tpf
3343,836,ow-oip-t-pf
3344,836,owip-t-pf
3345,837,ow-oip-tpf
3346,837,owip-tpf
3347,837,ow-oip-t-pf
3348,837,owip-t-pf
3349,838,ow-oip-tpf
3350,838,owip-tpf
3351,838,ow-oip-t-pf
3352,838,owip-t-pf
3353,839,ow-oip-tpf
3354,839,owip-tpf
3355,839,ow-oip-t-pf
3356,839,owip-t-pf
3357,840,ow-oip-tpf
3358,840,owip-tpf
3359,840,ow-oip-t-pf
3360,840,owip-t-pf
3361,841,ow-oip-tpf
3362,841,owip-tpf
3363,841,ow-oip-t-pf
3364,841,owip-t-pf
3365,842,ow-oip-tpf
3366,842,owip-tpf
3367,842,ow-oip-t-pf
3368,842,owip-t-pf
3369,843,ow-oip-tpf
3370,843,owip-tpf
3371,843,ow-oip-t-pf
3372,843,owip-t-pf
3373,844,ow-oip-tpf
3374,844,owip-tpf
3375,844,ow-oip-t-pf
3376,844,owip-t-pf
3377,845,ow-oip-tpf
3378,845,owip-tpf
3379,845,ow-oip-t-pf
3380,845,owip-t-pf
3381,846,ow-oip-tpf
3382,846,owip-tpf
3383,846,ow-oip-t-pf
3384,846,owip-t-pf
3385,847,ow-oip-tpf
3386,847,owip-tpf
3387,847,ow-oip-t-pf
3388,847,owip-t-pf
3389,848,ow-oip-tpf
3390,848,owip-tpf
3391,848,ow-oip-t-pf
3392,848,owip-t-pf
3393,849,ow-oip-tpf
3394,849,owip-tpf
3395,849,ow-oip-t-pf
3396,849,owip-t-pf
3397,850,ow-oip-tpf
3398,850,owip-tpf
3399,850,ow-oip-t-pf
3400,850,owip-t-pf
3401,851,ow-oip-tpf
3402,851,owip-tpf
3403,851,ow-oip-t-pf
3404,851,owip-t-pf
3405,852,ow-oip-tpf
3406,852,owip-tpf
3407,852,ow-oip-t-pf
3408,852,owip-t-pf
3409,853,ow-oip-tpf
3410,853,owip-tpf
3411,853,ow-oip-t-pf
3412,853,owip-t-pf
3413,854,ow-oip-tpf
3414,854,owip-tpf
3415,854,ow-oip-t-pf
3416,854,owip-t-pf
3417,855,ow-oip-tpf
3418,855,owip-tpf
3419,855,ow-oip-t-pf
3420,855,owip-t-pf
3421,856,ow-oip-tpf
3422,856,owip-tpf
3423,856,ow-oip-t-pf
3424,856,owip-t-pf
3425,857,ow-oip-tpf
3426,857,owip-tpf
3427,857,ow-oip-t-pf
3428,857,owip-t-pf
3429,858,ow-oip-tpf
3430,858,owip-tpf
3431,858,ow-oip-t-pf
3432,858,owip-t-pf
3433,859,ow-oip-tpf
3434,859,owip-tpf
3435,859,ow-oip-t-pf
3436,859,owip-t-pf
3437,860,ow-oip-tpf
3438,860,owip-tpf
3439,860,ow-oip-t-pf
3440,860,owip-t-pf
3441,861,ow-oip-tpf
3442,861,owip-tpf
3443,861,ow-oip-t-pf
3444,861,owip-t-pf
3445,862,ow-oip-tpf
3446,862,owip-tpf
3447,862,ow-oip-t-pf
3448,862,owip-t-pf
3449,863,ow-oip-tpf
3450,863,owip-tpf
3451,863,ow-oip-t-pf
3452,863,owip-t-pf
3453,864,ow-oip-tpf
3454,864,owip-tpf
3455,864,ow-oip-t-pf
3456,864,owip-t-pf
3457,865,ow-oip-tpf
3458,865,owip-tpf
3459,865,ow-oip-t-pf
3460,865,owip-t-pf
3461,866,ow-oip-tpf
3462,866,owip-tpf
3463,866,ow-oip-t-pf
3464,866,owip-t-pf
3465,867,ow-oip-tpf
3466,867,owip-tpf
3467,867,ow-oip-t-pf
3468,867,owip-t-pf
3469,868,ow-oip-tpf
3470,868,owip-tpf
3471,868,ow-oip-t-pf
3472,868,owip-t-pf
3473,869,ow-oip-tpf
3474,869,owip-tpf
3475,869,ow-oip-t-pf
3476,869,owip-t-pf
3477,870,ow-oip-tpf
3478,870,owip-tpf
3479,870,ow-oip-t-pf
3480,870,owip-t-pf
3481,871,ow-oip-tpf
3482,871,owip-tpf
3483,871,ow-oip-t-pf
3484,871,owip-t-pf
3485,872,ow-oip-tpf
3486,872,owip-tpf
3487,872,ow-oip-t-pf
3488,872,owip-t-pf
3489,873,ow-oip-tpf
3490,873,owip-tpf
3491,873,ow-oip-t-pf
3492,873,owip-t-pf
3493,874,ow-oip-tpf
3494,874,owip-tpf
3495,874,ow-oip-t-pf
3496,874,owip-t-pf
3497,875,ow-oip-tpf
3498,875,owip-tpf
3499,875,ow-oip-t-pf
3500,875,owip-t-pf
3501,876,ow-oip-tpf
3502,876,owip-tpf
3503,876,ow-oip-t-pf
3504,876,owip-t-pf
3505,877,ow-oip-tpf
3506,877,owip-tpf
3507,877,ow-oip-t-pf
3508,877,owip-t-pf
3509,878,ow-oip-tpf
3510,878,owip-tpf
3511,878,ow-oip-t-pf
3512,878,owip-t-pf
3513,879,ow-oip-tpf
3514,879,owip-tpf
3515,879,ow-oip-t-pf
3516,879,owip-t-pf
3517,880,ow-oip-tpf
3518,880,owip-tpf
3519,880,ow-oip-t-pf
3520,880,owip-t-pf
3521,881,ow-oip-tpf
3522,881,owip-tpf
3523,881,ow-oip-t-pf
3524,881,owip-t-pf
3525,882,ow-oip-tpf
3526,882,owip-tpf
3527,882,ow-oip-t-pf
3528,882,owip-t-pf
3529,883,ow-oip-tpf
3530,883,owip-tpf
3531,883,ow-oip-t-pf
3532,883,owip-t-pf
3533,884,ow-oip-tpf
3534,884,owip-tpf
3535,884,ow-oip-t-pf
3536,884,owip-t-pf
3537,885,ow-oip-tpf
3538,885,owip-tpf
3539,885,ow-oip-t-pf
3540,885,owip-t-pf
3541,886,ow-oip-tpf
3542,886,owip-tpf
3543,886,ow-oip-t-pf
3544,886,owip-t-pf
3545,887,ow-oip-tpf
3546,887,owip-tpf
3547,887,ow-oip-t-pf
3548,887,owip-t-pf
3549,888,ow-oip-tpf
3550,888,owip-tpf
3551,888,ow-oip-t-pf
3552,888,owip-t-pf
3553,889,ow-oip-tpf
3554,889,owip-tpf
3555,889,ow-oip-t-pf
3556,889,owip-t-pf
3557,890,ow-oip-tpf
3558,890,owip-tpf
3559,890,ow-oip-t-pf
3560,890,owip-t-pf
3561,891,ow-oip-tpf
3562,891,owip-tpf
3563,891,ow-oip-t-pf
3564,891,owip-t-pf
3565,892,ow-oip-tpf
3566,892,owip-tpf
3567,892,ow-oip-t-pf
3568,892,owip-t-pf
3569,893,ow-oip-tpf
3570,893,owip-tpf
3571,893,ow-oip-t-pf
3572,893,owip-t-pf
3573,894,ow-oip-tpf
3574,894,owip-tpf
3575,894,ow-oip-t-pf
3576,894,owip-t-pf
3577,895,ow-oip-tpf
3578,895,owip-tpf
3579,895,ow-oip-t-pf
3580,895,owip-t-pf
3581,896,ow-oip-tpf
3582,896,owip-tpf
3583,896,ow-oip-t-pf
3584,896,owip-t-pf
3585,897,ow-oip-tpf
3586,897,owip-tpf
3587,897,ow-oip-t-pf
3588,897,owip-t-pf
3589,898,ow-oip-tpf
3590,898,owip-tpf
3591,898,ow-oip-t-pf
3592,898,owip-t-pf
3593,899,ow-oip-tpf
3594,899,owip-tpf
3595,899,ow-oip-t-pf
3596,899,owip-t-pf
3597,900,ow-oip-tpf
3598,900,owip-tpf
3599,900,ow-oip-t-pf
3600,900,owip-t-pf
